id,service_charge_id,charge_status,last_charge_status,service_flow_id,service_billing_type,create_time,update_time
1abVoDkk0Rq,1abVoDfLcyX,PENDING,PENDING,1abVoDfLcyU,INVOICE_BILLING,2025-01-31 09:58:20.844563,2025-01-31 09:58:20.855745
1abYAYRMpSk,1abYAYLyRzR,PENDING,PENDING,1abYAYLyRzO,INVOICE_BILLING,2025-01-31 10:31:22.528591,2025-01-31 10:31:22.539386
1afpwmgQHcT,1afpwmaSht2,PENDING,PENDING,1afpwmaShsz,INVOICE_BILLING,2025-02-03 00:30:34.528877,2025-02-03 00:30:34.540258
1afpxFI9gOP,1afpxEyHlHo,PENDING,PENDING,1afpxEyHlHl,INVOICE_BILLING,2025-02-03 00:30:40.758068,2025-02-03 00:30:40.789810
1afpxRD1Y1x,1afpxQz7Cei,PENDING,PENDING,1afpxQz7Cef,INVOICE_BILLING,2025-02-03 00:30:43.387623,2025-02-03 00:30:43.392189
1afpxbgpJWI,1afpxbTCZH7,PENDING,PENDING,1afpxbTCZH4,INVOICE_BILLING,2025-02-03 00:30:45.677721,2025-02-03 00:30:45.681623
1afpxlOoYt8,1afpxlDkCoX,PENDING,PENDING,1afpxlDkCoU,INVOICE_BILLING,2025-02-03 00:30:47.799131,2025-02-03 00:30:47.802540
1afpy2b1t1e,1afpy2RNWbN,PENDING,PENDING,1afpy2RNWbK,INVOICE_BILLING,2025-02-03 00:30:51.554995,2025-02-03 00:30:51.558607
1afpyHKkf2F,1afpyHBNtk2,PENDING,PENDING,1afpyHBNtjz,INVOICE_BILLING,2025-02-03 00:30:54.773797,2025-02-03 00:30:54.777045
1afpyQhAOhg,1afpyQRYSY3,PENDING,PENDING,1afpyQRYSY0,INVOICE_BILLING,2025-02-03 00:30:56.817783,2025-02-03 00:30:56.822628
1afpyZGt1uq,1afpyZ66GyJ,PENDING,PENDING,1afpyZ66GyG,INVOICE_BILLING,2025-02-03 00:30:58.691871,2025-02-03 00:30:58.695091
1afpyhgK9ua,1afpyhcdNDf,PENDING,PENDING,1afpyhcdNDc,INVOICE_BILLING,2025-02-03 00:31:00.529602,2025-02-03 00:31:00.532693
1afpyuT3rsN,1afpyuErvN4,PENDING,PENDING,1afpyuErvN1,INVOICE_BILLING,2025-02-03 00:31:03.321318,2025-02-03 00:31:03.325043
1afpz1S05sh,1afpz1HmXCI,PENDING,PENDING,1afpz1HUw4B,INVOICE_BILLING,2025-02-03 00:31:04.847459,2025-02-03 00:31:04.850260
1afpz9xcRHm,1afpz9lPggv,PENDING,PENDING,1afpz9lPggs,INVOICE_BILLING,2025-02-03 00:31:06.706476,2025-02-03 00:31:06.709191
1afpzPfa7TJ,1afpzPRxNE8,PENDING,PENDING,1afpzPRxNE5,INVOICE_BILLING,2025-02-03 00:31:10.135202,2025-02-03 00:31:10.140188
1afpzfgicym,1afpzfcB2tf,PENDING,PENDING,1afpzfcB2tc,INVOICE_BILLING,2025-02-03 00:31:13.634932,2025-02-03 00:31:13.639418
1afpzt29LRQ,1afpzsqnOEl,PENDING,PENDING,1afpzsqnOEi,INVOICE_BILLING,2025-02-03 00:31:16.551295,2025-02-03 00:31:16.554728
1afq05zjkjF,1afq05nFP0K,PENDING,PENDING,1afq05nFP0H,INVOICE_BILLING,2025-02-03 00:31:19.382345,2025-02-03 00:31:19.385546
1afq0IOl2gB,1afq0I3kj3K,PENDING,PENDING,1afq0I3kj3H,INVOICE_BILLING,2025-02-03 00:31:22.089278,2025-02-03 00:31:22.094045
1afq0TItYoF,1afq0T9FCNy,PENDING,PENDING,1afq0T9FCNv,INVOICE_BILLING,2025-02-03 00:31:24.473934,2025-02-03 00:31:24.476892
1afq0k59T8I,1afq0jsNWHJ,PENDING,PENDING,1afq0jsNWHG,INVOICE_BILLING,2025-02-03 00:31:28.136325,2025-02-03 00:31:28.141322
1afq0xjNfa5,1afq0xXAuzE,PENDING,PENDING,1afq0xXAuzB,INVOICE_BILLING,2025-02-03 00:31:31.119672,2025-02-03 00:31:31.122480
1afq1DEj5jo,1afq1D0okMZ,PENDING,PENDING,1afq1D0okMW,INVOICE_BILLING,2025-02-03 00:31:34.505485,2025-02-03 00:31:34.509478
1afq1U9HKGT,1afq1U51LJQ,PENDING,PENDING,1afq1U51LJN,INVOICE_BILLING,2025-02-03 00:31:38.200038,2025-02-03 00:31:38.203110
1afq1jNiict,1afq1jBEMty,PENDING,PENDING,1afq1jBEMtv,INVOICE_BILLING,2025-02-03 00:31:41.527061,2025-02-03 00:31:41.530153
1afq1wWJXcJ,1afq1wRClH4,PENDING,PENDING,1afq1wRClH1,INVOICE_BILLING,2025-02-03 00:31:44.397308,2025-02-03 00:31:44.400457
1afq26Mb7JK,1afq26HUKy5,PENDING,PENDING,1afq26HUKy2,INVOICE_BILLING,2025-02-03 00:31:46.546800,2025-02-03 00:31:46.550465
1afq2Hj7VO4,1afq2HW3xP1,PENDING,PENDING,1afq2HW3xOy,INVOICE_BILLING,2025-02-03 00:31:49.029200,2025-02-03 00:31:49.032696
1afq2SQY2DZ,1afq2SMZeOa,PENDING,PENDING,1afq2SMZeOX,INVOICE_BILLING,2025-02-03 00:31:51.361659,2025-02-03 00:31:51.369618
1afq2cUSL6c,1afq2cIFaVl,PENDING,PENDING,1afq2cIFaVi,INVOICE_BILLING,2025-02-03 00:31:53.564875,2025-02-03 00:31:53.567774
1afq2lqMptP,1afq2li8T7S,PENDING,PENDING,1afq2li8T7P,INVOICE_BILLING,2025-02-03 00:31:55.607933,2025-02-03 00:31:55.611001
1afq2yH1mKk,1afq2y6oDeH,PENDING,PENDING,1afq2y6oDeE,INVOICE_BILLING,2025-02-03 00:31:58.321807,2025-02-03 00:31:58.325821
1afq39yUYAO,1afq39mZOhb,PENDING,PENDING,1afq39mZOhY,INVOICE_BILLING,2025-02-03 00:32:00.878048,2025-02-03 00:32:00.881858
1afq3JsFGIh,1afq3Jn8TxS,PENDING,PENDING,1afq3Jn8TxP,INVOICE_BILLING,2025-02-03 00:32:03.040734,2025-02-03 00:32:03.043511
1afq3TkATIz,1afq3TX6vJw,PENDING,PENDING,1afq3TX6vJt,INVOICE_BILLING,2025-02-03 00:32:05.196250,2025-02-03 00:32:05.199706
1afq3gbrGXr,1afq3gR4VbK,PENDING,PENDING,1afq3gR4VbH,INVOICE_BILLING,2025-02-03 00:32:08.006424,2025-02-03 00:32:08.009095
1afq3pHhALK,1afq3p8tbJF,PENDING,PENDING,1afq3p8tbJC,INVOICE_BILLING,2025-02-03 00:32:09.901895,2025-02-03 00:32:09.904667
1afy0EjACN9,1afy0Eg2bwM,PENDING,PENDING,1afy0Eg2bwJ,INVOICE_BILLING,2025-02-03 02:23:18.235497,2025-02-03 02:23:18.239810
1ag1hoyMQzl,1ag1hovo2p6,PENDING,PENDING,1ag1hovo2p3,INVOICE_BILLING,2025-02-03 03:15:07.323998,2025-02-03 03:15:07.327981
1ag567OBxh8,1ag567L4NGL,PENDING,PENDING,1ag567L4NGI,INVOICE_BILLING,2025-02-03 04:02:35.214275,2025-02-03 04:02:35.218176
1ag5e97WdfP,1ag5e95Fqco,PENDING,PENDING,1ag5e95Fqcl,INVOICE_BILLING,2025-02-03 04:10:16.029365,2025-02-03 04:10:16.032345
1agHIQEonS0,1agHIQ7RE4F,PENDING,PENDING,1agHIQ7RE4C,INVOICE_BILLING,2025-02-03 06:53:17.259199,2025-02-03 06:53:17.262734
1agHh0YOvnW,1agHh0QAZ1Z,PENDING,PENDING,1agHh0QAZ1W,INVOICE_BILLING,2025-02-03 06:58:50.204802,2025-02-03 06:58:50.208388
1agHxvhbDsh,1agHxvf2phy,PENDING,PENDING,1agHxvf2phv,INVOICE_BILLING,2025-02-03 07:02:39.361870,2025-02-03 07:02:39.366915
1agIbeYQxZE,1agIbeLf0iF,PENDING,PENDING,1agIbeLf0iC,INVOICE_BILLING,2025-02-03 07:11:37.306742,2025-02-03 07:11:37.310175
1agTrceFv7H,1agTrcbz84g,PENDING,PENDING,1agTrcbz84d,INVOICE_BILLING,2025-02-03 09:49:09.367062,2025-02-03 09:49:09.371037
1ahUEsXPq3R,1ahUEsEOiL2,PENDING,PENDING,1ahUEsEOiKz,INVOICE_BILLING,2025-02-04 00:22:00.607311,2025-02-04 00:22:00.651977
1ahUldZt5Cs,1ahUldJhwn7,PENDING,PENDING,1ahUldJhwn4,INVOICE_BILLING,2025-02-04 00:29:24.273458,2025-02-04 00:29:24.277496
1ahUm1JybNV,1ahUm0y7UMS,PENDING,PENDING,1ahUm0y7UMP,INVOICE_BILLING,2025-02-04 00:29:29.407887,2025-02-04 00:29:29.463341
1ahUmFP4yAR,1ahUmFKFmxG,PENDING,PENDING,1ahUmFKFmxD,INVOICE_BILLING,2025-02-04 00:29:32.535788,2025-02-04 00:29:32.539261
1ahUmPkIp41,1ahUmPVXgIa,PENDING,PENDING,1ahUmPVXgIX,INVOICE_BILLING,2025-02-04 00:29:34.795209,2025-02-04 00:29:34.798533
1ahUmXDZx9P,1ahUmX5umda,PENDING,PENDING,1ahUmX5umdX,INVOICE_BILLING,2025-02-04 00:29:36.425069,2025-02-04 00:29:36.430610
1ahUmfRuwSC,1ahUmfJgZgF,PENDING,PENDING,1ahUmfJgZgC,INVOICE_BILLING,2025-02-04 00:29:38.223299,2025-02-04 00:29:38.228579
1ahUmmBBHxl,1ahUmm2wvBo,PENDING,PENDING,1ahUmm2wvBl,INVOICE_BILLING,2025-02-04 00:29:39.694486,2025-02-04 00:29:39.698718
1ahUmufTMsz,1ahUmuNsEou,PENDING,PENDING,1ahUmuNadgn,INVOICE_BILLING,2025-02-04 00:29:41.548563,2025-02-04 00:29:41.552259
1ahUn1J1y22,1ahUn1BvzmL,PENDING,PENDING,1ahUn1BvzmI,INVOICE_BILLING,2025-02-04 00:29:42.999319,2025-02-04 00:29:43.002196
1ahUn7ftljy,1ahUn7NAF9d,PENDING,PENDING,1ahUn7Mse1W,INVOICE_BILLING,2025-02-04 00:29:44.388792,2025-02-04 00:29:44.393108
1ahUnKfBloo,1ahUnKRqchh,PENDING,PENDING,1ahUnKRqche,INVOICE_BILLING,2025-02-04 00:29:47.225997,2025-02-04 00:29:47.230258
1ahUnSfKpfT,1ahUnSJTieQ,PENDING,PENDING,1ahUnSJC7WJ,INVOICE_BILLING,2025-02-04 00:29:48.972258,2025-02-04 00:29:48.978399
1ahUna8aBBc,1ahUnZzmc9W,PENDING,PENDING,1ahUnZzmc9T,INVOICE_BILLING,2025-02-04 00:29:50.607364,2025-02-04 00:29:50.610398
1ahUngyP49k,1ahUngdOkWt,PENDING,PENDING,1ahUngdOkWq,INVOICE_BILLING,2025-02-04 00:29:52.100107,2025-02-04 00:29:52.103761
1ahUnniURHv,1ahUnnZPH7m,PENDING,PENDING,1ahUnnZPH7j,INVOICE_BILLING,2025-02-04 00:29:53.573740,2025-02-04 00:29:53.576964
1ahUo2VMYwi,1ahUo2L90GJ,PENDING,PENDING,1ahUo2L90GG,INVOICE_BILLING,2025-02-04 00:29:56.802910,2025-02-04 00:29:56.806047
1ahUoGd35GX,1ahUoGV6Jce,PENDING,PENDING,1ahUoGV6Jcb,INVOICE_BILLING,2025-02-04 00:29:59.888458,2025-02-04 00:29:59.891909
1ahUoNJjGEC,1ahUoN4y7Sl,PENDING,PENDING,1ahUoN4y7Si,INVOICE_BILLING,2025-02-04 00:30:01.348973,2025-02-04 00:30:01.352244
1ahUoSQnCpP,1ahUoSEs3Mc,PENDING,PENDING,1ahUoSEs3MZ,INVOICE_BILLING,2025-02-04 00:30:02.464792,2025-02-04 00:30:02.469132
1ahUoZKYhuQ,1ahUoZ0yNvt,PENDING,PENDING,1ahUoZ0yNvq,INVOICE_BILLING,2025-02-04 00:30:03.967361,2025-02-04 00:30:03.976509
1ahUoescJpU,1ahUoei7A11,PENDING,PENDING,1ahUoehpYsu,INVOICE_BILLING,2025-02-04 00:30:05.182681,2025-02-04 00:30:05.188337
1ahUokzoddN,1ahUokvYegK,PENDING,PENDING,1ahUokvYegH,INVOICE_BILLING,2025-02-04 00:30:06.521605,2025-02-04 00:30:06.524391
1ahUoq7TXP9,1ahUoq0NZ9S,PENDING,PENDING,1ahUoq0NZ9P,INVOICE_BILLING,2025-02-04 00:30:07.640078,2025-02-04 00:30:07.643695
1ahUpY8R6Ty,1ahUpXuF9yf,PENDING,PENDING,1ahUpXtxYqY,INVOICE_BILLING,2025-02-04 00:30:17.254847,2025-02-04 00:30:17.257853
1ahUphqlumz,1ahUpheHZ44,PENDING,PENDING,1ahUpheHZ41,INVOICE_BILLING,2025-02-04 00:30:19.375101,2025-02-04 00:30:19.379143
1ahUqDRvJxn,1ahUqDCaywE,PENDING,PENDING,1ahUqDCaywB,INVOICE_BILLING,2025-02-04 00:30:26.278409,2025-02-04 00:30:26.281564
1ahUp1DDpqr,1ahUp0zsgjk,PENDING,PENDING,1ahUp0zsgjh,INVOICE_BILLING,2025-02-04 00:30:10.064280,2025-02-04 00:30:10.066948
1ahUpDEKsKe,1ahUpD9Vh7T,PENDING,PENDING,1ahUpD9Vh7Q,INVOICE_BILLING,2025-02-04 00:30:12.688456,2025-02-04 00:30:12.691089
1ahUprQYyi9,1ahUprHToY0,PENDING,PENDING,1ahUprHToXx,INVOICE_BILLING,2025-02-04 00:30:21.468800,2025-02-04 00:30:21.471697
1ahUpMQJPYs,1ahUpMCgfJh,PENDING,PENDING,1ahUpMCgfJe,INVOICE_BILLING,2025-02-04 00:30:14.695038,2025-02-04 00:30:14.699272
1ahUq4MjOfW,1ahUq4EV1tW,PENDING,PENDING,1ahUq4EV1tT,INVOICE_BILLING,2025-02-04 00:30:24.293358,2025-02-04 00:30:24.297286
1ahUqLWbxPY,1ahUqLHqoe7,PENDING,PENDING,1ahUqLHqoe4,INVOICE_BILLING,2025-02-04 00:30:28.036916,2025-02-04 00:30:28.045102
1ahUqUrxFvj,1ahUqUpOrl4,PENDING,PENDING,1ahUqUpOrl1,INVOICE_BILLING,2025-02-04 00:30:30.083333,2025-02-04 00:30:30.086084
1ahUqc3LfWD,1ahUqbp9j0u,PENDING,PENDING,1ahUqbp9j0r,INVOICE_BILLING,2025-02-04 00:30:31.652423,2025-02-04 00:30:31.655486
1aheNAsACqq,1aheNAbhTJ1,PENDING,PENDING,1aheNAbhTIy,INVOICE_BILLING,2025-02-04 02:43:49.145044,2025-02-04 02:43:49.177457
1ahkry8O1Fe,1ahkry1I2zx,PENDING,PENDING,1ahkry1I2zu,INVOICE_BILLING,2025-02-04 04:14:43.898945,2025-02-04 04:14:43.914293
1ahxCvQ3vUn,1ahxCvJX9VE,PENDING,PENDING,1ahxCvJX9VB,INVOICE_BILLING,2025-02-04 07:07:23.115134,2025-02-04 07:07:23.128300
1ai21rN4spc,1ai21rIXIkV,PENDING,PENDING,1ai21rIXIkS,INVOICE_BILLING,2025-02-04 08:14:51.365170,2025-02-04 08:14:51.371862
1ai5ruxLM18,1ai5ru2Za09,PENDING,PENDING,1ai5ru2Za06,INVOICE_BILLING,2025-02-04 09:08:35.171029,2025-02-04 09:08:35.205071
1aj9he0ZShb,1aj9hdwJTkY,PENDING,PENDING,1aj9hdw1scR,INVOICE_BILLING,2025-02-05 00:29:50.884813,2025-02-05 00:29:50.892105
1aj9i5TUjlj,1aj9i50XeV4,PENDING,PENDING,1aj9i50XeV1,INVOICE_BILLING,2025-02-05 00:29:56.842862,2025-02-05 00:29:56.891592
1aj9iRlU0dg,1aj9iRfo22J,PENDING,PENDING,1aj9iRfWQuC,INVOICE_BILLING,2025-02-05 00:30:01.754450,2025-02-05 00:30:01.760684
1aj9id79c9c,1aj9iclIV8Z,PENDING,PENDING,1aj9iclIV8W,INVOICE_BILLING,2025-02-05 00:30:04.232110,2025-02-05 00:30:04.239483
1aj9imQVj2L,1aj9im5n0XY,PENDING,PENDING,1aj9im5n0XV,INVOICE_BILLING,2025-02-05 00:30:06.267984,2025-02-05 00:30:06.273708
1aj9ivjOG9O,1aj9ivWtuQT,PENDING,PENDING,1aj9ivWtuQQ,INVOICE_BILLING,2025-02-05 00:30:08.288982,2025-02-05 00:30:08.305466
1aj9jCshdSi,1aj9jCJDmCZ,PENDING,PENDING,1aj9jCJDmCW,INVOICE_BILLING,2025-02-05 00:30:12.041828,2025-02-05 00:30:12.051014
1aj9jNBZ3eA,1aj9jMxwJOz,PENDING,PENDING,1aj9jMxeiGs,INVOICE_BILLING,2025-02-05 00:30:14.296869,2025-02-05 00:30:14.302230
1aj9jW3xGus,1aj9jVrBK3t,PENDING,PENDING,1aj9jVrBK3q,INVOICE_BILLING,2025-02-05 00:30:16.235090,2025-02-05 00:30:16.241772
1aj9jiRrs7H,1aj9jiCFvxe,PENDING,PENDING,1aj9jiCFvxb,INVOICE_BILLING,2025-02-05 00:30:18.940750,2025-02-05 00:30:18.946313
1aj9jqiPmzp,1aj9jqSnqqC,PENDING,PENDING,1aj9jqSnqq9,INVOICE_BILLING,2025-02-05 00:30:20.746861,2025-02-05 00:30:20.752692
1aj9jxTBl7E,1aj9jxE91Dj,PENDING,PENDING,1aj9jxE91Dg,INVOICE_BILLING,2025-02-05 00:30:22.221729,2025-02-05 00:30:22.227982
1aj9k9eQjLD,1aj9k9XcMDZ,PENDING,PENDING,1aj9k9XKl5S,INVOICE_BILLING,2025-02-05 00:30:24.882137,2025-02-05 00:30:24.888873
1aj9kNhfIXI,1aj9kNYa8N9,PENDING,PENDING,1aj9kNYa8N6,INVOICE_BILLING,2025-02-05 00:30:27.952308,2025-02-05 00:30:27.957987
1aj9kessEBl,1aj9keg6HKm,PENDING,PENDING,1aj9keg6HKj,INVOICE_BILLING,2025-02-05 00:30:31.705128,2025-02-05 00:30:31.710142
1aj9kqYVOJ9,1aj9kqDV4gI,PENDING,PENDING,1aj9kqDV4gF,INVOICE_BILLING,2025-02-05 00:30:34.253985,2025-02-05 00:30:34.259455
1aj9kxNvHMY,1aj9kxCHj1p,PENDING,PENDING,1aj9kxCHj1m,INVOICE_BILLING,2025-02-05 00:30:35.745685,2025-02-05 00:30:35.751688
1aj9l3vdhYk,1aj9l3adNvt,PENDING,PENDING,1aj9l3adNvq,INVOICE_BILLING,2025-02-05 00:30:37.174855,2025-02-05 00:30:37.180724
1aj9lB1EhyL,1aj9lAimmW4,PENDING,PENDING,1aj9lAimmW1,INVOICE_BILLING,2025-02-05 00:30:38.723678,2025-02-05 00:30:38.729209
1aj9lJkv0Wt,1aj9lJPd5ly,PENDING,PENDING,1aj9lJPd5lv,INVOICE_BILLING,2025-02-05 00:30:40.628804,2025-02-05 00:30:40.637899
1aj9lS9Pglz,1aj9lRtW9UI,PENDING,PENDING,1aj9lRtW9UF,INVOICE_BILLING,2025-02-05 00:30:42.465700,2025-02-05 00:30:42.471054
1aj9lZ2tay6,1aj9lYiAsTJ,PENDING,PENDING,1aj9lYiAsTG,INVOICE_BILLING,2025-02-05 00:30:43.968403,2025-02-05 00:30:43.977093
1aj9lkk8iMd,1aj9lkOqnbi,PENDING,PENDING,1aj9lkOqnbf,INVOICE_BILLING,2025-02-05 00:30:46.527438,2025-02-05 00:30:46.532943
1aj9lzUWK1C,1aj9lz7WoTt,PENDING,PENDING,1aj9lz7WoTq,INVOICE_BILLING,2025-02-05 00:30:49.748175,2025-02-05 00:30:49.753433
1aj9mAXk0J3,1aj9mA4DimG,PENDING,PENDING,1aj9mA3w7e9,INVOICE_BILLING,2025-02-05 00:30:52.161932,2025-02-05 00:30:52.167783
1aj9mN64712,1aj9mMluamN,PENDING,PENDING,1aj9mMluamK,INVOICE_BILLING,2025-02-05 00:30:54.903954,2025-02-05 00:30:54.909357
1aj9mW1rVpa,1aj9mVg0OoX,PENDING,PENDING,1aj9mVg0OoU,INVOICE_BILLING,2025-02-05 00:30:56.855459,2025-02-05 00:30:56.860742
1aj9miBUVPQ,1aj9mhruBQt,PENDING,PENDING,1aj9mhruBQq,INVOICE_BILLING,2025-02-05 00:30:59.509873,2025-02-05 00:30:59.515271
1aj9mp9zY4a,1aj9moqgpE7,PENDING,PENDING,1aj9moqgpE4,INVOICE_BILLING,2025-02-05 00:31:01.033487,2025-02-05 00:31:01.039191
1aj9n09KU7j,1aj9mzpkA9C,PENDING,PENDING,1aj9mzpkA99,INVOICE_BILLING,2025-02-05 00:31:03.432311,2025-02-05 00:31:03.439216
1aj9nCV4bFH,1aj9nCC3TWs,PENDING,PENDING,1aj9nCC3TWp,INVOICE_BILLING,2025-02-05 00:31:06.132135,2025-02-05 00:31:06.137614
1aj9nLEktXb,1aj9nKq3nDu,PENDING,PENDING,1aj9nKq3nDr,INVOICE_BILLING,2025-02-05 00:31:08.038380,2025-02-05 00:31:08.045359
1aj9nTcOn7j,1aj9nTNM3EE,PENDING,PENDING,1aj9nTNM3EB,INVOICE_BILLING,2025-02-05 00:31:09.867533,2025-02-05 00:31:09.876804
1ajJINHfdM0,1ajJIN99fRz,PENDING,PENDING,1ajJIN99fRw,INVOICE_BILLING,2025-02-05 02:44:04.847548,2025-02-05 02:44:04.867438
1ajLor0hCNc,1ajLoqw9cIV,PENDING,PENDING,1ajLoqw9cIS,ON_SITE_PAYMENT,2025-02-05 03:19:23.940006,2025-02-05 03:19:23.948309
1ajMEwYR7NO,1ajMEwUB8QL,PENDING,PENDING,1ajMEwUB8QI,INVOICE_BILLING,2025-02-05 03:25:17.248736,2025-02-05 03:25:17.257175
1ajMNcbrRk5,1ajMNcRdt3g,PENDING,PENDING,1ajMNcRdt3d,ON_SITE_PAYMENT,2025-02-05 03:27:14.755394,2025-02-05 03:27:14.780084
1ajMxGErURL,1ajMxGBAhkQ,PENDING,PENDING,1ajMxGBAhkN,ON_SITE_PAYMENT,2025-02-05 03:35:17.406763,2025-02-05 03:35:17.414150
1ajXtniV3rS,1ajXtnS2KJd,PENDING,PENDING,1ajXtnS2KJa,ON_SITE_PAYMENT,2025-02-05 06:08:26.318096,2025-02-05 06:08:26.360705
1ajXtv8cpkB,1ajXtuyyTJu,PENDING,PENDING,1ajXtuyyTJr,ON_SITE_PAYMENT,2025-02-05 06:08:27.959714,2025-02-05 06:08:27.981508
1ajaUpoQC15,1ajaUpYWejO,PENDING,PENDING,1ajaUpWFrgp,INVOICE_BILLING,2025-02-05 06:44:47.087040,2025-02-05 06:44:47.117775
1ajl1bVsGgU,1ajl1bJx7Dd,PENDING,PENDING,1ajl1bJx7Da,INVOICE_BILLING,2025-02-05 09:12:07.044369,2025-02-05 09:12:07.071449
1akocDDGAMj,1akocCN1yQm,PENDING,PENDING,1akocCN1yQj,INVOICE_BILLING,2025-02-06 00:29:57.987880,2025-02-06 00:29:58.018938
1akocgWdTGR,1akocgLqiJu,PENDING,PENDING,1akocgLqiJr,INVOICE_BILLING,2025-02-06 00:30:04.414360,2025-02-06 00:30:04.421249
1akod2XgS5q,1akod2BpL4n,PENDING,PENDING,1akod2BpL4k,INVOICE_BILLING,2025-02-06 00:30:09.225226,2025-02-06 00:30:09.230961
1akodDYCQ0N,1akodCukAvK,PENDING,PENDING,1akodCukAvH,INVOICE_BILLING,2025-02-06 00:30:11.619169,2025-02-06 00:30:11.634251
1akodNsRBSx,1akodNn2nze,PENDING,PENDING,1akodNn2nzb,INVOICE_BILLING,2025-02-06 00:30:13.885840,2025-02-06 00:30:13.890890
1akodXQYQrL,1akodX67JUc,PENDING,PENDING,1akodX67JUZ,INVOICE_BILLING,2025-02-06 00:30:15.970014,2025-02-06 00:30:15.976950
1akodgqI0WG,1akodgktd2x,PENDING,PENDING,1akodgktd2u,INVOICE_BILLING,2025-02-06 00:30:18.028193,2025-02-06 00:30:18.032773
1akoe2LyooU,1akoe2EJeIY,PENDING,PENDING,1akoe2EJeIV,INVOICE_BILLING,2025-02-06 00:30:22.726085,2025-02-06 00:30:22.731495
1akoeGfItkH,1akoeGM0Ato,PENDING,PENDING,1akoeGM0Atl,INVOICE_BILLING,2025-02-06 00:30:25.849827,2025-02-06 00:30:25.857277
1akoeRbQaje,1akoeRCjUPx,PENDING,PENDING,1akoeRCjUPu,INVOICE_BILLING,2025-02-06 00:30:28.233626,2025-02-06 00:30:28.246965
1akoebRqSIK,1akoeb96vhz,PENDING,PENDING,1akoeb96vhw,INVOICE_BILLING,2025-02-06 00:30:30.388706,2025-02-06 00:30:30.396378
1akoetbbaDT,1akoetGsrig,PENDING,PENDING,1akoetGsrid,INVOICE_BILLING,2025-02-06 00:30:34.359041,2025-02-06 00:30:34.362297
1akofAAaJ7T,1akof9szB3O,PENDING,PENDING,1akof9szB3L,INVOICE_BILLING,2025-02-06 00:30:37.975987,2025-02-06 00:30:37.980017
1akofPAUDHx,1akofOwIGme,PENDING,PENDING,1akofOwIGmb,INVOICE_BILLING,2025-02-06 00:30:41.252860,2025-02-06 00:30:41.256799
1akofbnv5X6,1akofbXSLzH,PENDING,PENDING,1akofbXSLzE,INVOICE_BILLING,2025-02-06 00:30:44.012077,2025-02-06 00:30:44.016792
1akofqdklMl,1akofqYMNtS,PENDING,PENDING,1akofqYMNtP,INVOICE_BILLING,2025-02-06 00:30:47.251785,2025-02-06 00:30:47.257089
1akofyksEtd,1akofyaegDE,PENDING,PENDING,1akofyaegDB,INVOICE_BILLING,2025-02-06 00:30:49.025772,2025-02-06 00:30:49.029948
1akog7MW7UX,1akog705oDM,PENDING,PENDING,1akog705oDJ,INVOICE_BILLING,2025-02-06 00:30:50.904999,2025-02-06 00:30:50.909343
1akogEttB8N,1akogEPnhLI,PENDING,PENDING,1akogEPnhLF,INVOICE_BILLING,2025-02-06 00:30:52.550878,2025-02-06 00:30:52.556068
1akogRHzjAz,1akogQxqCwK,PENDING,PENDING,1akogQxqCwH,INVOICE_BILLING,2025-02-06 00:30:55.256667,2025-02-06 00:30:55.262426
1akogt10UNz,1akogswkVQw,PENDING,PENDING,1akogswkVQt,INVOICE_BILLING,2025-02-06 00:31:01.311496,2025-02-06 00:31:01.318864
1akogffi4ZB,1akogfQNjXZ,PENDING,PENDING,1akogfQNjXW,INVOICE_BILLING,2025-02-06 00:30:58.398223,2025-02-06 00:30:58.403053
1akoh6V5S1N,1akoh6Nhsdc,PENDING,PENDING,1akoh6NhsdZ,INVOICE_BILLING,2025-02-06 00:31:04.260234,2025-02-06 00:31:04.263880
1akohGkdKIe,1akohGZYyE0,PENDING,PENDING,1akohGZYyDx,INVOICE_BILLING,2025-02-06 00:31:06.497687,2025-02-06 00:31:06.502550
1akohSc60Lh,1akohSXYQGa,PENDING,PENDING,1akohSXYQGX,INVOICE_BILLING,2025-02-06 00:31:09.090895,2025-02-06 00:31:09.093715
1akohhciQli,1akohhG0WMT,PENDING,PENDING,1akohhG0WMQ,INVOICE_BILLING,2025-02-06 00:31:12.366780,2025-02-06 00:31:12.372819
1akohu642Sj,1akohtwPg2S,PENDING,PENDING,1akohtwPg2P,INVOICE_BILLING,2025-02-06 00:31:15.093262,2025-02-06 00:31:15.096094
1akoi4VhCHc,1akoi4OJctr,PENDING,PENDING,1akoi4OJcto,INVOICE_BILLING,2025-02-06 00:31:17.366906,2025-02-06 00:31:17.371962
1akoiEWlW6R,1akoiEGaNgg,PENDING,PENDING,1akoiEGaNgd,INVOICE_BILLING,2025-02-06 00:31:19.553476,2025-02-06 00:31:19.559029
1akoiMtmYHs,1akoiMkyzFn,PENDING,PENDING,1akoiMkyzFk,INVOICE_BILLING,2025-02-06 00:31:21.384430,2025-02-06 00:31:21.387888
1akoiTI2ZvY,1akoiT8fodL,PENDING,PENDING,1akoiT8ODVE,INVOICE_BILLING,2025-02-06 00:31:22.780288,2025-02-06 00:31:22.783218
1al2YYfy0AP,1al2YYcYobY,PENDING,PENDING,1al2YYcYobV,ON_SITE_PAYMENT,2025-02-06 03:45:03.188638,2025-02-06 03:45:03.194310
1al2Yh4YKl8,1al2Yh0Zww9,PENDING,PENDING,1al2Yh0Zww6,ON_SITE_PAYMENT,2025-02-06 03:45:05.021918,2025-02-06 03:45:05.028128
1al2Yk6BBmz,1al2Yk3cncJ,PENDING,PENDING,1al2Yk3cncG,ON_SITE_PAYMENT,2025-02-06 03:45:05.684720,2025-02-06 03:45:05.689740
1al4bhBKe4L,1al4bgqbvZY,PENDING,PENDING,1al4bgqbvZV,INVOICE_BILLING,2025-02-06 04:13:44.870678,2025-02-06 04:13:44.916176
1al4lhpGYEI,1al4lhlZlXN,PENDING,PENDING,1al4lhlZlXK,ON_SITE_PAYMENT,2025-02-06 04:16:00.472377,2025-02-06 04:16:00.479581
1al4lluB9AZ,1al4llp4MpK,PENDING,PENDING,1al4llp4MpH,ON_SITE_PAYMENT,2025-02-06 04:16:01.358734,2025-02-06 04:16:01.370201
1al4lqCQtDu,1al4lq8AuGr,PENDING,PENDING,1al4lq8AuGo,ON_SITE_PAYMENT,2025-02-06 04:16:02.300476,2025-02-06 04:16:02.308077
1al4ltlq0j5,1al4ltgjENq,PENDING,PENDING,1al4ltgjENn,ON_SITE_PAYMENT,2025-02-06 04:16:03.080018,2025-02-06 04:16:03.088871
1al4lwQBl4l,1al4lwKEBLJ,PENDING,PENDING,1al4lwKEBLG,ON_SITE_PAYMENT,2025-02-06 04:16:03.653687,2025-02-06 04:16:03.667953
1alFXXsE82Q,1alFXXlPkun,PENDING,PENDING,1alFXXlPkuk,INVOICE_BILLING,2025-02-06 06:46:44.501413,2025-02-06 06:46:44.515741
1alFfcDMTTB,1alFfc96UW8,PENDING,PENDING,1alFfc96UW5,INVOICE_BILLING,2025-02-06 06:48:33.792130,2025-02-06 06:48:33.801368
1alFnphdN1l,1alFnpQbRDo,PENDING,PENDING,1alFnpQbRDl,INVOICE_BILLING,2025-02-06 06:50:25.078858,2025-02-06 06:50:25.085509
1alGhZN8rbw,1alGhZHSt0Z,PENDING,PENDING,1alGhZHSt0W,INVOICE_BILLING,2025-02-06 07:02:59.877986,2025-02-06 07:02:59.883458
1alGyL5p7Rp,1alGyL1qjcm,PENDING,PENDING,1alGyL1qjcj,INVOICE_BILLING,2025-02-06 07:06:46.973928,2025-02-06 07:06:46.982546
1alJaavOwKQ,1alJaa03y3J,PENDING,PENDING,1alJaa03y3G,INVOICE_BILLING,2025-02-06 07:43:24.147398,2025-02-06 07:43:24.282477
1alPaLehdcl,1alPaLT45I2,PENDING,PENDING,1alPaLT45Hz,INVOICE_BILLING,2025-02-06 09:07:18.641858,2025-02-06 09:07:18.658033
1alabmO0DlA,1alabm7Ft5H,PENDING,PENDING,1alabm7Ft5E,INVOICE_BILLING,2025-02-06 11:41:33.802017,2025-02-06 11:41:33.840073
1alavb5fclK,1alavaqcsrp,PENDING,PENDING,1alavaqcsrm,ON_SITE_PAYMENT,2025-02-06 11:46:02.180464,2025-02-06 11:46:02.217587
1alj60Px9Sk,1alj5zLoc9d,PENDING,PENDING,1alj5zLoc9a,INVOICE_BILLING,2025-02-06 13:40:20.096467,2025-02-06 13:40:20.118765
1amTUKT2QnW,1amTUK9AVgv,PENDING,PENDING,1amTUK9AVgs,INVOICE_BILLING,2025-02-07 00:29:31.921579,2025-02-07 00:29:31.955954
1amTXKSYPPh,1amTXKI3FbE,PENDING,PENDING,1amTXKI3FbB,INVOICE_BILLING,2025-02-07 00:30:12.572298,2025-02-07 00:30:12.580879
1amTXhv11wm,1amTXhoUFxD,PENDING,PENDING,1amTXhoUFxA,INVOICE_BILLING,2025-02-07 00:30:17.698436,2025-02-07 00:30:17.704485
1amTXx1jWJX,1amTXwofyKU,PENDING,PENDING,1amTXwofyKR,INVOICE_BILLING,2025-02-07 00:30:20.983017,2025-02-07 00:30:21.004465
1amTY9lhBMw,1amTY9WeRTR,PENDING,PENDING,1amTY9WeRTO,INVOICE_BILLING,2025-02-07 00:30:23.780607,2025-02-07 00:30:23.787128
1amTYOqheRC,1amTYOXOvaj,PENDING,PENDING,1amTYOXOvag,INVOICE_BILLING,2025-02-07 00:30:27.075912,2025-02-07 00:30:27.081940
1amTYZ8Ew2P,1amTYYmx1HU,PENDING,PENDING,1amTYYmx1HR,INVOICE_BILLING,2025-02-07 00:30:29.318948,2025-02-07 00:30:29.327800
1amTYsuCFfg,1amTYserue7,PENDING,PENDING,1amTYserue4,INVOICE_BILLING,2025-02-07 00:30:33.640544,2025-02-07 00:30:33.646148
1amTZ3J75aY,1amTZ3Asiob,PENDING,PENDING,1amTZ3AsioY,INVOICE_BILLING,2025-02-07 00:30:35.912663,2025-02-07 00:30:35.918671
1amTZC28LQk,1amTZBh81nt,PENDING,PENDING,1amTZBh81nq,INVOICE_BILLING,2025-02-07 00:30:37.818422,2025-02-07 00:30:37.824073
1amTZLZOnQP,1amTZLIeSkW,PENDING,PENDING,1amTZLIMrcP,INVOICE_BILLING,2025-02-07 00:30:39.901537,2025-02-07 00:30:39.907223
1amTZTvQvci,1amTZTZIDTb,PENDING,PENDING,1amTZTZIDTY,INVOICE_BILLING,2025-02-07 00:30:41.725182,2025-02-07 00:30:41.732253
1amTZiF2OnL,1amTZiCU0cg,PENDING,PENDING,1amTZiCU0cd,INVOICE_BILLING,2025-02-07 00:30:44.853918,2025-02-07 00:30:44.859884
1amTZy9QgQP,1amTZxnHyHI,PENDING,PENDING,1amTZxnHyHF,INVOICE_BILLING,2025-02-07 00:30:48.329524,2025-02-07 00:30:48.334939
1amTa6fxaJ1,1amTa6NnFyo,PENDING,PENDING,1amTa6NnFyl,INVOICE_BILLING,2025-02-07 00:30:50.188640,2025-02-07 00:30:50.196197
1amTaEoeNd0,1amTaERNGxd,PENDING,PENDING,1amTaERNGxa,INVOICE_BILLING,2025-02-07 00:30:51.963703,2025-02-07 00:30:51.974638
1amTaMkZQtC,1amTaMVWgzh,PENDING,PENDING,1amTaMVWgze,INVOICE_BILLING,2025-02-07 00:30:53.701204,2025-02-07 00:30:53.707036
1amTaW4mLAK,1amTaVtQNxf,PENDING,PENDING,1amTaVtQNxc,INVOICE_BILLING,2025-02-07 00:30:55.739598,2025-02-07 00:30:55.744647
1amTajT2pmS,1amTaj8K7Hf,PENDING,PENDING,1amTaj8K7Hc,INVOICE_BILLING,2025-02-07 00:30:58.663692,2025-02-07 00:30:58.669813
1amTavlTOOf,1amTava7RC0,PENDING,PENDING,1amTava7RBx,INVOICE_BILLING,2025-02-07 00:31:01.350399,2025-02-07 00:31:01.355951
1amTb52H76n,1amTb4hGnTw,PENDING,PENDING,1amTb4hGnTt,INVOICE_BILLING,2025-02-07 00:31:03.375145,2025-02-07 00:31:03.380885
1amTbDn09r2,1amTbDXfopT,PENDING,PENDING,1amTbDXfopQ,INVOICE_BILLING,2025-02-07 00:31:05.286931,2025-02-07 00:31:05.292411
1amTbLbG2X6,1amTbLGovAN,PENDING,PENDING,1amTbLGovAK,INVOICE_BILLING,2025-02-07 00:31:06.992185,2025-02-07 00:31:06.998639
1amTbYSb4Rq,1amTbY6jxQn,PENDING,PENDING,1amTbY6jxQk,INVOICE_BILLING,2025-02-07 00:31:09.801514,2025-02-07 00:31:09.807129
1amTbkn0plw,1amTbkbNHRD,PENDING,PENDING,1amTbkbNHRA,INVOICE_BILLING,2025-02-07 00:31:12.493615,2025-02-07 00:31:12.500616
1amTbvAE4Sv,1amTburm90e,PENDING,PENDING,1amTburm90b,INVOICE_BILLING,2025-02-07 00:31:14.760315,2025-02-07 00:31:14.766621
1amTc3jbA0k,1amTc3UYQ7F,PENDING,PENDING,1amTc3UYQ7C,INVOICE_BILLING,2025-02-07 00:31:16.633470,2025-02-07 00:31:16.638895
1amTcA8QNuS,1amTc9jjHal,PENDING,PENDING,1amTc9jjHai,INVOICE_BILLING,2025-02-07 00:31:18.030962,2025-02-07 00:31:18.036285
1amTcGqY8JQ,1amTcGW70wh,PENDING,PENDING,1amTcGW70we,INVOICE_BILLING,2025-02-07 00:31:19.497316,2025-02-07 00:31:19.502336
1amTcOBZ7rJ,1amTcO2CMZ6,PENDING,PENDING,1amTcO2CMZ3,INVOICE_BILLING,2025-02-07 00:31:21.100081,2025-02-07 00:31:21.105580
1amTcZcd75R,1amTcZPZZ6O,PENDING,PENDING,1amTcZPZZ6L,INVOICE_BILLING,2025-02-07 00:31:23.598059,2025-02-07 00:31:23.603308
1amTcilU35B,1amTciOUXXs,PENDING,PENDING,1amTciOUXXp,INVOICE_BILLING,2025-02-07 00:31:25.592978,2025-02-07 00:31:25.600351
1amTcq2WsKQ,1amTcpm48mb,PENDING,PENDING,1amTcpm48mY,INVOICE_BILLING,2025-02-07 00:31:27.183890,2025-02-07 00:31:27.189612
1amTcxDtI9d,1amTcx7MWA4,PENDING,PENDING,1amTcx7MWA1,INVOICE_BILLING,2025-02-07 00:31:28.752892,2025-02-07 00:31:28.758164
1amk4IRUI2I,1amk4I9bYq9,PENDING,PENDING,1amk4I9bYq6,ON_SITE_PAYMENT,2025-02-07 04:21:32.891805,2025-02-07 04:21:32.927501
1amwIhVjppP,1amwIhRlS0Q,PENDING,PENDING,1amwIhRlS0N,INVOICE_BILLING,2025-02-07 07:12:43.407651,2025-02-07 07:12:43.414914
1anCahEUGYO,1anCahAEHbL,PENDING,PENDING,1anCahAEHbI,INVOICE_BILLING,2025-02-07 11:00:40.999208,2025-02-07 11:00:41.007412
1anCtQFqeKJ,1anCtQCRSlS,PENDING,PENDING,1anCtQCRSlP,ON_SITE_PAYMENT,2025-02-07 11:04:54.595972,2025-02-07 11:04:54.601822
1anET31x9On,1anET2ypYy0,PENDING,PENDING,1anET2ypYxx,INVOICE_BILLING,2025-02-07 11:26:56.661656,2025-02-07 11:26:56.667338
1anEfjPvQVT,1anEfjMWEwc,PENDING,PENDING,1anEfjMWEwZ,INVOICE_BILLING,2025-02-07 11:29:48.426535,2025-02-07 11:29:48.432488
1arSK2MLc0g,1arSK2Ai3fx,PENDING,PENDING,1arSK2Ai3fu,INVOICE_BILLING,2025-02-10 00:31:14.622985,2025-02-10 00:31:14.648993
1arSKQ1OMJD,1arSKPuIO3W,PENDING,PENDING,1arSKPuIO3T,INVOICE_BILLING,2025-02-10 00:31:19.802412,2025-02-10 00:31:19.816175
1arSKbURXRu,1arSKbPKl6f,PENDING,PENDING,1arSKbPKl6c,INVOICE_BILLING,2025-02-10 00:31:22.317645,2025-02-10 00:31:22.321302
1arSKkloR6E,1arSKkZK5NJ,PENDING,PENDING,1arSKkZK5NG,INVOICE_BILLING,2025-02-10 00:31:24.344702,2025-02-10 00:31:24.348069
1arSKuv78W6,1arSKupR9uj,PENDING,PENDING,1arSKupR9ug,INVOICE_BILLING,2025-02-10 00:31:26.562270,2025-02-10 00:31:26.565112
1arSL3yTwB9,1arSL3krBvy,PENDING,PENDING,1arSL3krBvv,INVOICE_BILLING,2025-02-10 00:31:28.539759,2025-02-10 00:31:28.543562
1arSLKxfWgv,1arSLKiLBfM,PENDING,PENDING,1arSLKiLBfJ,INVOICE_BILLING,2025-02-10 00:31:32.250577,2025-02-10 00:31:32.253499
1arSLSuubO3,1arSLSqecR0,PENDING,PENDING,1arSLSqecQx,INVOICE_BILLING,2025-02-10 00:31:33.988166,2025-02-10 00:31:33.991548
1arSLbescO6,1arSLbToGJV,PENDING,PENDING,1arSLbToGJS,INVOICE_BILLING,2025-02-10 00:31:35.897694,2025-02-10 00:31:35.900613
1arSLm2NGJy,1arSLlnc7YX,PENDING,PENDING,1arSLlnc7YU,INVOICE_BILLING,2025-02-10 00:31:38.164108,2025-02-10 00:31:38.167111
1arSLsw2yre,1arSLsi8dUP,PENDING,PENDING,1arSLsi8dUM,INVOICE_BILLING,2025-02-10 00:31:39.670332,2025-02-10 00:31:39.674179
1arSM3yE24T,1arSM3kssxM,PENDING,PENDING,1arSM3kssxJ,INVOICE_BILLING,2025-02-10 00:31:42.080305,2025-02-10 00:31:42.084366
1arSMCwCSkO,1arSMCkqVXj,PENDING,PENDING,1arSMCkqVXg,INVOICE_BILLING,2025-02-10 00:31:44.039784,2025-02-10 00:31:44.043734
1arSMJnmwBS,1arSMJYkCHx,PENDING,PENDING,1arSMJYkCHu,INVOICE_BILLING,2025-02-10 00:31:45.539566,2025-02-10 00:31:45.542489
1arSMRnaOEB,1arSMRXPFoQ,PENDING,PENDING,1arSMRXPFoN,INVOICE_BILLING,2025-02-10 00:31:47.284578,2025-02-10 00:31:47.289374
1arSMdqDCpm,1arSMdRnhe9,PENDING,PENDING,1arSMdRnhe6,INVOICE_BILLING,2025-02-10 00:31:49.915635,2025-02-10 00:31:49.919845
1arSMrGBV7z,1arSMr3PYH0,PENDING,PENDING,1arSMr3PYGx,INVOICE_BILLING,2025-02-10 00:31:52.846793,2025-02-10 00:31:52.850239
1arSN1Usa1P,1arSN1FYEzq,PENDING,PENDING,1arSN1FYEzn,INVOICE_BILLING,2025-02-10 00:31:55.083223,2025-02-10 00:31:55.086297
1arSNAUqBiR,1arSNAM2cgM,PENDING,PENDING,1arSNAM2cgJ,INVOICE_BILLING,2025-02-10 00:31:57.049876,2025-02-10 00:31:57.052805
1arSNP7qLZo,1arSNOx3adH,PENDING,PENDING,1arSNOx3adE,INVOICE_BILLING,2025-02-10 00:32:00.244232,2025-02-10 00:32:00.247322
1arSNWzydI8,1arSNWgfuRf,PENDING,PENDING,1arSNWgfuRc,INVOICE_BILLING,2025-02-10 00:32:01.963201,2025-02-10 00:32:01.967117
1arSNfJAaQS,1arSNfDD0h1,PENDING,PENDING,1arSNfDD0gy,INVOICE_BILLING,2025-02-10 00:32:03.777418,2025-02-10 00:32:03.782285
1arSNm8Cgm8,1arSNlvQjv9,PENDING,PENDING,1arSNlvQjv6,INVOICE_BILLING,2025-02-10 00:32:05.269529,2025-02-10 00:32:05.272327
1arSNy9VYOU,1arSNy0hzMP,PENDING,PENDING,1arSNy0hzMM,INVOICE_BILLING,2025-02-10 00:32:07.895846,2025-02-10 00:32:07.898905
1arSO44L4iE,1arSO3s8K7N,PENDING,PENDING,1arSO3s8K7K,INVOICE_BILLING,2025-02-10 00:32:09.187463,2025-02-10 00:32:09.190589
1arSO9pcHGj,1arSO9gX76a,PENDING,PENDING,1arSO9gX76X,INVOICE_BILLING,2025-02-10 00:32:10.445835,2025-02-10 00:32:10.449158
1arSOGupUwf,1arSOGjl8s4,PENDING,PENDING,1arSOGjl8s1,INVOICE_BILLING,2025-02-10 00:32:11.993998,2025-02-10 00:32:11.996630
1arSONHI9Ym,1arSON6DnUB,PENDING,PENDING,1arSON6DnU8,INVOICE_BILLING,2025-02-10 00:32:13.383896,2025-02-10 00:32:13.386831
1arSOZ8Z0wu,1arSOYw4fDz,PENDING,PENDING,1arSOYw4fDw,INVOICE_BILLING,2025-02-10 00:32:15.973760,2025-02-10 00:32:15.976796
1arSOkVYprt,1arSOkN2rxs,PENDING,PENDING,1arSOkN2rxp,INVOICE_BILLING,2025-02-10 00:32:18.457560,2025-02-10 00:32:18.460896
1arSOq12Hem,1arSOpvMJ3P,PENDING,PENDING,1arSOpvMJ3M,INVOICE_BILLING,2025-02-10 00:32:19.660257,2025-02-10 00:32:19.663293
1arSeAyBnBC,1arSeAumbcL,PENDING,PENDING,1arSeAumbcI,INVOICE_BILLING,2025-02-10 00:35:47.370671,2025-02-10 00:35:47.373462
1arabNsuH4s,1arabNpmge5,PENDING,PENDING,1arabNpmge2,ON_SITE_PAYMENT,2025-02-10 02:27:06.510108,2025-02-10 02:27:06.514437
1araozyBLww,1araoztMAjl,PENDING,PENDING,1araoztMAji,INVOICE_BILLING,2025-02-10 02:30:10.878436,2025-02-10 02:30:10.882094
1arb7IwnWax,1arb7IuWjYM,PENDING,PENDING,1arb7IuWjYJ,INVOICE_BILLING,2025-02-10 02:34:18.783699,2025-02-10 02:34:18.787041
1arbBN6BEcq,1arbBN4C2iJ,PENDING,PENDING,1arbBN4C2iG,INVOICE_BILLING,2025-02-10 02:35:13.860317,2025-02-10 02:35:13.863257
1arf3xEHcRD,1arf3xBA20Q,PENDING,PENDING,1arf3xBA20N,INVOICE_BILLING,2025-02-10 03:29:31.886421,2025-02-10 03:29:31.890575
1arfK3A9CTp,1arfK2yVe96,PENDING,PENDING,1arfK2yVe93,INVOICE_BILLING,2025-02-10 03:33:09.859292,2025-02-10 03:33:09.862659
1arfTcujKdO,1arfTcsk8ir,PENDING,PENDING,1arfTcsk8io,INVOICE_BILLING,2025-02-10 03:35:19.548266,2025-02-10 03:35:19.551325
1argRYXgO6m,1argRYVPb4B,PENDING,PENDING,1argRYVPb48,INVOICE_BILLING,2025-02-10 03:48:51.127558,2025-02-10 03:48:51.130674
1ariBkoybXO,1ariBkmhoUn,PENDING,PENDING,1ariBkmhoUk,INVOICE_BILLING,2025-02-10 04:13:16.370334,2025-02-10 04:13:16.373750
1arjXrmOsKA,1arjXrjqU9V,PENDING,PENDING,1arjXrjqU9S,ON_SITE_PAYMENT,2025-02-10 04:32:15.436774,2025-02-10 04:32:15.440197
1aroU6SCIp9,1aroU6P4iOM,PENDING,PENDING,1aroU6P4iOJ,INVOICE_BILLING,2025-02-10 05:41:22.564756,2025-02-10 05:41:22.568532
1arxFKszWNP,1arxFKqR8Ck,PENDING,PENDING,1arxFKqR8Ch,INVOICE_BILLING,2025-02-10 07:43:59.149007,2025-02-10 07:43:59.152826
1arxQnz0LNH,1arxQnx19Sk,PENDING,PENDING,1arxQnx19Sh,ON_SITE_PAYMENT,2025-02-10 07:46:34.469509,2025-02-10 07:46:34.472699
1aryQ3boLPg,1aryQ3RsNrL,PENDING,PENDING,1aryQ3RsNrI,INVOICE_BILLING,2025-02-10 08:00:23.944125,2025-02-10 08:00:23.961406
1as5RTX5eHN,1as5RTLjh4i,PENDING,PENDING,1as5RTLjh4f,INVOICE_BILLING,2025-02-10 09:38:40.471114,2025-02-10 09:38:40.494635
1asBaryEC2I,1asBarsGcIr,PENDING,PENDING,1asBarsGcIo,INVOICE_BILLING,2025-02-10 11:04:45.417004,2025-02-10 11:04:45.422403
1asBb0iO2XU,1asBb0e83aR,PENDING,PENDING,1asBb0e83aO,INVOICE_BILLING,2025-02-10 11:04:47.324148,2025-02-10 11:04:47.332959
1asBb2cklpM,1asBb2b3B2t,PENDING,PENDING,1asBb2b3B2q,INVOICE_BILLING,2025-02-10 11:04:47.746797,2025-02-10 11:04:47.749864
1asC5gCOPxx,1asC5gAPE3Q,PENDING,PENDING,1asC5gAPE3N,INVOICE_BILLING,2025-02-10 11:11:42.657209,2025-02-10 11:11:42.660423
1asIC6zMM3f,1asIC6wElcs,PENDING,PENDING,1asIC6wElcp,ON_SITE_PAYMENT,2025-02-10 12:37:07.471086,2025-02-10 12:37:07.475901
1asICAuuBh9,1asICAsuzmc,PENDING,PENDING,1asICAsuzmZ,ON_SITE_PAYMENT,2025-02-10 12:37:08.330126,2025-02-10 12:37:08.333465
1asICCbMZbF,1asICCZeyom,PENDING,PENDING,1asICCZeyoj,ON_SITE_PAYMENT,2025-02-10 12:37:08.698278,2025-02-10 12:37:08.701505
1asICE4CDG5,1asICE1dp5Q,PENDING,PENDING,1asICE1dp5N,ON_SITE_PAYMENT,2025-02-10 12:37:09.015222,2025-02-10 12:37:09.021818
1at78Xmycwm,1at78WatJzr,PENDING,PENDING,1at78Wabirk,INVOICE_BILLING,2025-02-11 00:29:59.616525,2025-02-11 00:29:59.696799
1at79AJr5Hq,1at7995UzIP,PENDING,PENDING,1at7995UzIM,INVOICE_BILLING,2025-02-11 00:30:08.071833,2025-02-11 00:30:08.112335
1at79QsIFVe,1at79QYhvX7,PENDING,PENDING,1at79QYhvX4,INVOICE_BILLING,2025-02-11 00:30:11.723579,2025-02-11 00:30:11.728053
1at79cdU62r,1at79cH3mlg,PENDING,PENDING,1at79cH3mld,INVOICE_BILLING,2025-02-11 00:30:14.293075,2025-02-11 00:30:14.297317
1at79r0DMGv,1at79qkbQ7I,PENDING,PENDING,1at79qkbQ7F,INVOICE_BILLING,2025-02-11 00:30:17.432195,2025-02-11 00:30:17.435515
1at7A9ksLNh,1at7A9RZcX9,PENDING,PENDING,1at7A9RZcX6,INVOICE_BILLING,2025-02-11 00:30:21.526219,2025-02-11 00:30:21.531918
1at7AJc2MEC,1at7AJWdykt,PENDING,PENDING,1at7AJWdykq,INVOICE_BILLING,2025-02-11 00:30:23.679468,2025-02-11 00:30:23.684061
1at7ASpQt7g,1at7ASfmWhP,PENDING,PENDING,1at7ASfmWhM,INVOICE_BILLING,2025-02-11 00:30:25.692228,2025-02-11 00:30:25.697837
1at7AbXt96l,1at7AbFiomY,PENDING,PENDING,1at7AbFiomV,INVOICE_BILLING,2025-02-11 00:30:27.590090,2025-02-11 00:30:27.601599
1at7Ajaahz2,1at7AjHHz8Z,PENDING,PENDING,1at7AjHHz8W,INVOICE_BILLING,2025-02-11 00:30:29.354960,2025-02-11 00:30:29.358544
1at7B53t51Y,1at7B4oqL83,PENDING,PENDING,1at7B4oqL80,INVOICE_BILLING,2025-02-11 00:30:34.045200,2025-02-11 00:30:34.048347
1at7BIpyQjb,1at7BIaMUZy,PENDING,PENDING,1at7BIa4tRr,INVOICE_BILLING,2025-02-11 00:30:37.051819,2025-02-11 00:30:37.057225
1at7BUFcQ3f,1at7BU6XFtW,PENDING,PENDING,1at7BU6XFtT,INVOICE_BILLING,2025-02-11 00:30:39.547341,2025-02-11 00:30:39.550915
1at7BeKPBVW,1at7BdxPfyD,PENDING,PENDING,1at7BdxPfyA,INVOICE_BILLING,2025-02-11 00:30:41.747624,2025-02-11 00:30:41.751122
1at7Bn1hOnk,1at7Bmtkd9r,PENDING,PENDING,1at7Bmtkd9o,INVOICE_BILLING,2025-02-11 00:30:43.647614,2025-02-11 00:30:43.651126
1at7BuiJYN3,1at7BuYNaoi,PENDING,PENDING,1at7BuYNaof,INVOICE_BILLING,2025-02-11 00:30:45.327314,2025-02-11 00:30:45.330398
1at7C4y91nB,1at7C4p3rd2,PENDING,PENDING,1at7C4p3rcz,INVOICE_BILLING,2025-02-11 00:30:47.567047,2025-02-11 00:30:47.570927
1at7CDHav1X,1at7CD3yAmM,PENDING,PENDING,1at7CD3yAmJ,INVOICE_BILLING,2025-02-11 00:30:49.382843,2025-02-11 00:30:49.386592
1at7CQjISIQ,1at7CQXetxh,PENDING,PENDING,1at7CQXetxe,INVOICE_BILLING,2025-02-11 00:30:52.320451,2025-02-11 00:30:52.323974
1at7CZMtt4V,1at7CZEx7Qc,PENDING,PENDING,1at7CZEfWIV,INVOICE_BILLING,2025-02-11 00:30:54.206690,2025-02-11 00:30:54.210356
1at7Cg8R1NV,1at7CfwVrui,PENDING,PENDING,1at7CfwVruf,INVOICE_BILLING,2025-02-11 00:30:55.685629,2025-02-11 00:30:55.688630
1at7CnaGOKM,1at7CnPlEVt,PENDING,PENDING,1at7CnPlEVq,INVOICE_BILLING,2025-02-11 00:30:57.312474,2025-02-11 00:30:57.315481
1at7Cv8KunW,1at7Cv1o8nx,PENDING,PENDING,1at7Cv1o8nu,INVOICE_BILLING,2025-02-11 00:30:58.960623,2025-02-11 00:30:58.964269
1at7D2nn1z3,1at7D2fYfD6,PENDING,PENDING,1at7D2fYfD3,INVOICE_BILLING,2025-02-11 00:31:00.637169,2025-02-11 00:31:00.639985
1at7D9b1l3f,1at7D9UDNw2,PENDING,PENDING,1at7D9UDNvz,INVOICE_BILLING,2025-02-11 00:31:02.120231,2025-02-11 00:31:02.123078
1at7DHx5LTF,1at7DHibnph,PENDING,PENDING,1at7DHibnpe,INVOICE_BILLING,2025-02-11 00:31:03.944786,2025-02-11 00:31:03.948205
1at7DWScAip,1at7DW7tSE2,PENDING,PENDING,1at7DW7tSDz,INVOICE_BILLING,2025-02-11 00:31:07.113582,2025-02-11 00:31:07.117309
1at7DjqssEq,1at7DjV1lDn,PENDING,PENDING,1at7DjV1lDk,INVOICE_BILLING,2025-02-11 00:31:10.037992,2025-02-11 00:31:10.042827
1at7E0VVv5G,1at7E0LIMOr,PENDING,PENDING,1at7E0LIMOo,INVOICE_BILLING,2025-02-11 00:31:13.677216,2025-02-11 00:31:13.680256
1at7E8NSNjO,1at7E8FVc5V,PENDING,PENDING,1at7E8FVc5S,INVOICE_BILLING,2025-02-11 00:31:15.396873,2025-02-11 00:31:15.399765
1at7EF7bAwf,1at7EF3LBzc,PENDING,PENDING,1at7EF3LBzZ,INVOICE_BILLING,2025-02-11 00:31:16.869412,2025-02-11 00:31:16.872678
1atDd6RuO89,1atDd6Jg1MC,PENDING,PENDING,1atDd6Jg1M9,INVOICE_BILLING,2025-02-11 02:00:51.227101,2025-02-11 02:00:51.244596
1atE7aYsrDq,1atE7aNFIt7,PENDING,PENDING,1atE7aNFIt4,INVOICE_BILLING,2025-02-11 02:07:44.063155,2025-02-11 02:07:44.088646
1atF6PwJNng,1atF6PhGduB,PENDING,PENDING,1atF6PhGdu8,INVOICE_BILLING,2025-02-11 02:21:27.840380,2025-02-11 02:21:27.844558
1atGe8MC89D,1atGe8Gnkfu,PENDING,PENDING,1atGe8Gnkfr,INVOICE_BILLING,2025-02-11 02:43:04.052769,2025-02-11 02:43:04.058861
1atHb3DoFel,1atHb3AyGM2,PENDING,PENDING,1atHb3AyGLz,INVOICE_BILLING,2025-02-11 02:56:21.924556,2025-02-11 02:56:21.928511
1ata2LmHkFW,1ata2La4zef,PENDING,PENDING,1ata2La4zec,INVOICE_BILLING,2025-02-11 07:14:24.719806,2025-02-11 07:14:24.751601
1athZ9qXSmd,1athZ9nhTTu,PENDING,PENDING,1athZ9nhTTr,INVOICE_BILLING,2025-02-11 08:59:46.363061,2025-02-11 08:59:46.367110
1atm6Z8oVoY,1atm6Z5yWVp,PENDING,PENDING,1atm6Z5yWVm,INVOICE_BILLING,2025-02-11 10:03:17.255186,2025-02-11 10:03:17.259360
1aum1mDhXlu,1aum1m0vauv,PENDING,PENDING,1aum1m0vaus,INVOICE_BILLING,2025-02-12 00:29:48.714949,2025-02-12 00:29:48.743719
1aum2GrzXUj,1aum2GKDH0y,PENDING,PENDING,1aum2GKDH0v,INVOICE_BILLING,2025-02-12 00:29:55.415720,2025-02-12 00:29:55.437142
1aum2UHV56q,1aum2U3sKrf,PENDING,PENDING,1aum2U3sKrc,INVOICE_BILLING,2025-02-12 00:29:58.363601,2025-02-12 00:29:58.367398
1aum2fETaI0,1aum2f8EPQV,PENDING,PENDING,1aum2f8EPQS,INVOICE_BILLING,2025-02-12 00:30:00.755844,2025-02-12 00:30:00.759898
1aum2sD5whM,1aum2s39z91,PENDING,PENDING,1aum2s39z8y,INVOICE_BILLING,2025-02-12 00:30:03.586842,2025-02-12 00:30:03.593313
1aum33Rm1YJ,1aum33MwqL8,PENDING,PENDING,1aum33MwqL5,INVOICE_BILLING,2025-02-12 00:30:06.044970,2025-02-12 00:30:06.048572
1aum3TxB3Na,1aum3TihVkD,PENDING,PENDING,1aum3TihVkA,INVOICE_BILLING,2025-02-12 00:30:11.833640,2025-02-12 00:30:11.837187
1aum3dyWyMR,1aum3dsZOd0,PENDING,PENDING,1aum3dsHnUt,INVOICE_BILLING,2025-02-12 00:30:14.023379,2025-02-12 00:30:14.026900
1aum3qaMiBm,1aum3qNJACj,PENDING,PENDING,1aum3qNJACg,INVOICE_BILLING,2025-02-12 00:30:16.777630,2025-02-12 00:30:16.781312
1aum41aMMTa,1aum41Uxz0H,PENDING,PENDING,1aum41Uxz0E,INVOICE_BILLING,2025-02-12 00:30:19.180299,2025-02-12 00:30:19.183701
1aum49Q8TN0,1aum49NIU4H,PENDING,PENDING,1aum49NIU4E,INVOICE_BILLING,2025-02-12 00:30:20.892452,2025-02-12 00:30:20.895960
1aum4HNTJml,1aum4HDoxMU,PENDING,PENDING,1aum4HDoxMR,INVOICE_BILLING,2025-02-12 00:30:22.630648,2025-02-12 00:30:22.633652
1aum4QRmgmc,1aum4QEj8nZ,PENDING,PENDING,1aum4QEj8nW,INVOICE_BILLING,2025-02-12 00:30:24.611684,2025-02-12 00:30:24.614613
1aum4XQGvbi,1aum4XM0wef,PENDING,PENDING,1aum4XM0wec,INVOICE_BILLING,2025-02-12 00:30:26.134503,2025-02-12 00:30:26.137815
1aum4fYmYPZ,1aum4fM0bYa,PENDING,PENDING,1aum4fM0bYX,INVOICE_BILLING,2025-02-12 00:30:27.911886,2025-02-12 00:30:27.915099
1aum4q4VZ7X,1aum4prjcGY,PENDING,PENDING,1aum4prjcGV,INVOICE_BILLING,2025-02-12 00:30:30.208508,2025-02-12 00:30:30.211932
1aum56TYKUy,1aum56NJ9dD,PENDING,PENDING,1aum56NJ9dA,INVOICE_BILLING,2025-02-12 00:30:33.791057,2025-02-12 00:30:33.794238
1aum5IF3R71,1aum5I4GgAU,PENDING,PENDING,1aum5I4GgAR,INVOICE_BILLING,2025-02-12 00:30:36.361520,2025-02-12 00:30:36.364597
1aum5OgKbJ0,1aum5OXX2Gv,PENDING,PENDING,1aum5OXFR8o,INVOICE_BILLING,2025-02-12 00:30:37.767472,2025-02-12 00:30:37.770688
1aum5W9rYlO,1aum5W6Am4T,PENDING,PENDING,1aum5W6Am4Q,INVOICE_BILLING,2025-02-12 00:30:39.397511,2025-02-12 00:30:39.403588
1aum5cYgmfa,1aum5cMU24j,PENDING,PENDING,1aum5cMU24g,INVOICE_BILLING,2025-02-12 00:30:40.798098,2025-02-12 00:30:40.801287
1aum5lnmuLR,1aum5lezLJC,PENDING,PENDING,1aum5lezLJ9,INVOICE_BILLING,2025-02-12 00:30:42.816861,2025-02-12 00:30:42.820517
1aum60ovegJ,1aum60baVZC,PENDING,PENDING,1aum60baVZ9,INVOICE_BILLING,2025-02-12 00:30:46.098367,2025-02-12 00:30:46.101550
1aum6F7IUF6,1aum6F2Bhtr,PENDING,PENDING,1aum6F2Bhto,INVOICE_BILLING,2025-02-12 00:30:49.220054,2025-02-12 00:30:49.223231
1aum6NOtHS0,1aum6NDovNP,PENDING,PENDING,1aum6NDovNM,INVOICE_BILLING,2025-02-12 00:30:51.030474,2025-02-12 00:30:51.033496
1auu8IGKeci,1auu8ICvT3r,PENDING,PENDING,1auu8ICvT3o,INVOICE_BILLING,2025-02-12 02:23:13.937170,2025-02-12 02:23:13.942143
1av3ZdFOlEH,1av3Zd7AOSK,PENDING,PENDING,1av3Zd7AOSH,INVOICE_BILLING,2025-02-12 04:35:20.727036,2025-02-12 04:35:20.731086
1av5FwznjIb,1av5FwNCHbk,PENDING,PENDING,1av5FwNCHbh,INVOICE_BILLING,2025-02-12 04:58:53.422030,2025-02-12 04:58:53.436902
1av5TRjInjs,1av5TRYndvP,PENDING,PENDING,1av5TRYndvM,INVOICE_BILLING,2025-02-12 05:01:56.192798,2025-02-12 05:01:56.198127
1av7zwWDe09,1av7zwKrgnU,PENDING,PENDING,1av7zwKrgnR,INVOICE_BILLING,2025-02-12 05:37:15.488758,2025-02-12 05:37:15.511809
1avLWNap8Hz,1avLWNRjy7q,PENDING,PENDING,1avLWNRjy7n,INVOICE_BILLING,2025-02-12 08:46:29.796557,2025-02-12 08:46:29.815301
1avNUVEx9Ft,1avNUUgbgW0,PENDING,PENDING,1avNUUgbgVx,INVOICE_BILLING,2025-02-12 09:14:03.616128,2025-02-12 09:14:03.638619
