company_code,costing_id,closing_date,warehouse_id,material_id,grade,currency,unit_cost,quantity,total_value,is_active
N200,1,2025-01-31,1SSlmkB7gsD,WP-113729,GRADE_A,USD, 419.26 ,120,50311.20,Y
N200,2,2025-01-31,1SSlmkB7gsD,WP-113627,GRADE_A,USD, 419.26 ,48,20124.48,Y
N200,3,2025-01-31,1SSlmkB7gsD,WP-113786,GRADE_A,USD, 419.26 ,48,20124.48,Y
N200,4,2025-01-31,1SSlmkB7gsD,WP-113785,GRADE_A,USD, 419.26 ,48,20124.48,Y
N200,5,2025-01-31,1SSlmkB7gsD,WP-113727,GRADE_A,USD, 768.66 ,165,126828.90,Y
N200,6,2025-01-31,1SSlmkB7gsD,WP-113713,GRADE_A,USD, 768.66 ,165,126828.90,Y
N200,7,2025-01-31,1SSlmkB7gsD,WP-113637,GRADE_A,USD, 680.01 ,126,85681.26,Y
N200,8,2025-01-31,1SSlmkB7gsD,WP-113782,GRADE_A,USD, 680.01 ,36,24480.36,Y
N200,9,2025-01-31,1SSlmkB7gsD,WP-113781,GRADE_A,USD, 680.01 ,36,24480.36,Y
N200,10,2025-01-31,1SSlmkB7gsD,WP-113783,GRADE_A,USD, 680.01 ,36,24480.36,Y
N200,11,2025-01-31,1SSlmkB7gsD,WP-113725,GRADE_A,USD, 378.07 ,52,19659.64,Y
N200,12,2025-01-31,1SSlmkB7gsD,WP-113643,GRADE_A,USD, 378.07 ,52,19659.64,Y
N200,13,2025-01-31,1SSlmkB7gsD,WP-113792,GRADE_A,USD, 378.07 ,52,19659.64,Y
N200,14,2025-01-31,1SSlmkB7gsD,WP-113793,GRADE_A,USD, 378.07 ,52,19659.64,Y
N200,15,2025-01-31,1SSlmkB7gsD,WP-113780,GRADE_A,USD, 566.36 ,36,20388.96,Y
N200,16,2025-01-31,1SSlmkB7gsD,WP-113784,GRADE_A,USD, 566.36 ,36,20388.96,Y
N200,17,2025-01-31,1SSlmkB7gsD,WP-113816,GRADE_A,USD, 520.71 ,72,37491.12,Y
N200,18,2025-01-31,1SSlmkB7gsD,WP-113818,GRADE_A,USD, 520.71 ,18,9372.78,Y
N200,19,2025-01-31,1SSlmkB7gsD,WP-113820,GRADE_A,USD, 520.71 ,18,9372.78,Y
N200,20,2025-01-31,1SSlmkB7gsD,WP-113819,GRADE_A,USD, 520.71 ,18,9372.78,Y
N200,21,2025-01-31,1SSlmkB7gsD,WPP-3214803,GRADE_A,USD, 4.14 ,300,1242.00,Y
N200,22,2025-01-31,1SSlmkB7gsD,WPP-3114180,GRADE_A,USD, 4.69 ,1300,6097.00,Y
N200,23,2025-01-31,1SSlmkB7gsD,WPP-3300181,GRADE_A,USD, 0.68 ,1600,1088.00,Y
N200,24,2025-01-31,1SSlmkB7gsD,WPP-3200003,GRADE_A,USD, 0.46 ,200,92.00,Y
N200,25,2025-01-31,1SSlmkB7gsD,WPP-3103293,GRADE_A,USD, 0.19 ,4500,855.00,Y
N200,26,2025-01-31,1SSlmkB7gsD,WPP-3103300,GRADE_A,USD, 0.19 ,4200,798.00,Y
N200,27,2025-01-31,1SSlmkB7gsD,WPP-3301454,GRADE_A,USD, 0.29 ,3000,870.00,Y
N200,28,2025-01-31,1SSlmkB7gsD,WPP-3112488,GRADE_A,USD, 0.02 ,10000,200.00,Y
N200,29,2025-01-31,1SSlmkB7gsD,WPP-3000004,GRADE_A,USD, 0.01 ,10000,100.00,Y
N200,30,2025-01-31,1SSlmkB7gsD,WPP-3007266,GRADE_A,USD, 0.01 ,25000,250.00,Y
N200,31,2025-01-31,1SSlmkB7gsD,WPP-3304061,GRADE_A,USD, 0.01 ,15000,150.00,Y
N200,32,2025-01-31,1SSlmkB7gsD,WPP-3007265,GRADE_A,USD, 0.02 ,15000,300.00,Y
N200,33,2025-01-31,1SSlmkB7gsD,WPP-3000006,GRADE_A,USD, 0.05 ,2500,125.00,Y
N200,34,2025-01-31,1SSlmkB7gsD,WPP-3000588,GRADE_A,USD, 0.04 ,5000,200.00,Y
N200,35,2025-01-31,1SSlmkB7gsD,WPP-3223893,GRADE_A,USD, 0.57 ,1400,798.00,Y
N200,36,2025-01-31,1SSlmkB7gsD,WPP-3206250,GRADE_A,USD, 0.03 ,1000,30.00,Y
N200,37,2025-01-31,1SSlmkB7gsD,WPP-3302422,GRADE_A,USD, 0.19 ,50,9.50,Y
N200,38,2025-01-31,1SSlmkB7gsD,WPP-3007264,GRADE_A,USD, 0.01 ,2000,20.00,Y
N200,39,2025-01-31,1SSlmkB7gsD,WPF-113685,GRADE_A,USD, 2.61 ,50,130.50,Y
N200,40,2025-01-31,1SSlmkB7gsD,WPF-113686,GRADE_A,USD, 42.64 ,50,2132.00,Y
N200,41,2025-01-31,1SSlmkB7gsD,WPF-113689,GRADE_A,USD, 3.83 ,50,191.50,Y
N200,42,2025-01-31,1SSlmkB7gsD,WPP-3115483,GRADE_A,USD, 0.44 ,10,4.40,Y
N200,43,2025-01-31,1SSlmkB7gsD,WPP-3115851,GRADE_A,USD, 2.94 ,5,14.70,Y
N200,44,2025-01-31,1SSlmkB7gsD,WPP-3109833,GRADE_A,USD, 0.28 ,5,1.40,Y
N200,45,2025-01-31,1SSlmkB7gsD,WPP-3114580,GRADE_A,USD, 1.13 ,20,22.60,Y
N200,46,2025-01-31,1SSlmkB7gsD,WPP-3114581,GRADE_A,USD, 1.13 ,20,22.60,Y
N200,47,2025-01-31,1SSlmkB7gsD,WPP-3114576,GRADE_A,USD, 3.94 ,10,39.40,Y
N200,48,2025-01-31,1SSlmkB7gsD,WPP-3114515,GRADE_A,USD, 1.94 ,10,19.40,Y
N200,49,2025-01-31,1SSlmkB7gsD,WPP-3114516,GRADE_A,USD, 2.18 ,10,21.80,Y
N200,50,2025-01-31,1SSlmkB7gsD,WPP-3114517,GRADE_A,USD, 1.81 ,10,18.10,Y
N200,51,2025-01-31,1SSlmkB7gsD,WPP-3114518,GRADE_A,USD, 2.94 ,20,58.80,Y
N200,52,2025-01-31,1SSlmkB7gsD,WPP-3115618,GRADE_A,USD, 5.37 ,10,53.70,Y
N200,53,2025-01-31,1SSlmkB7gsD,WPP-3115488,GRADE_A,USD, 25.03 ,3,75.09,Y
N200,54,2025-01-31,1SSlmkB7gsD,WPP-3212800,GRADE_A,USD, 0.51 ,20,10.20,Y
N200,55,2025-01-31,1SSlmkB7gsD,WPP-3114527,GRADE_A,USD, 1.35 ,20,27.00,Y
N200,56,2025-01-31,1SSlmkB7gsD,WPP-3114528,GRADE_A,USD, 10.58 ,5,52.90,Y
N200,57,2025-01-31,1SSlmkB7gsD,WPP-3115489,GRADE_A,USD, 0.21 ,5,1.05,Y
N200,58,2025-01-31,1SSlmkB7gsD,WPP-3114555,GRADE_A,USD, 0.53 ,20,10.60,Y
N200,59,2025-01-31,1SSlmkB7gsD,WPP-3114532,GRADE_A,USD, 1.89 ,5,9.45,Y
N200,60,2025-01-31,1SSlmkB7gsD,WPP-3114533,GRADE_A,USD, 4.74 ,5,23.70,Y
N200,61,2025-01-31,1SSlmkB7gsD,WPP-3114534,GRADE_A,USD, 3.60 ,15,54.00,Y
N200,62,2025-01-31,1SSlmkB7gsD,WPP-3114535,GRADE_A,USD, 0.62 ,10,6.20,Y
N200,63,2025-01-31,1SSlmkB7gsD,WPP-3115490,GRADE_A,USD, 0.90 ,5,4.50,Y
N200,64,2025-01-31,1SSlmkB7gsD,WPP-3301869,GRADE_A,USD, 0.29 ,20,5.80,Y
N200,65,2025-01-31,1SSlmkB7gsD,WPP-3115338,GRADE_A,USD, 9.67 ,20,193.40,Y
N200,66,2025-01-31,1SSlmkB7gsD,WPP-3115853,GRADE_A,USD, 3.16 ,5,15.80,Y
N200,67,2025-01-31,1SSlmkB7gsD,WPP-3114542,GRADE_A,USD, 3.84 ,5,19.20,Y
N200,68,2025-01-31,1SSlmkB7gsD,WPP-3114574,GRADE_A,USD, 24.44 ,10,244.40,Y
N200,69,2025-01-31,1SSlmkB7gsD,WPP-3114572,GRADE_A,USD, 26.93 ,10,269.30,Y
N200,70,2025-01-31,1SSlmkB7gsD,WPP-3114551,GRADE_A,USD, 4.94 ,3,14.82,Y
N200,71,2025-01-31,1SSlmkB7gsD,WPP-3115287,GRADE_A,USD, 4.94 ,3,14.82,Y
N200,72,2025-01-31,1SSlmkB7gsD,WPP-3116196,GRADE_A,USD, 4.94 ,3,14.82,Y
N200,73,2025-01-31,1SSlmkB7gsD,WPP-3116197,GRADE_A,USD, 4.94 ,3,14.82,Y
N200,74,2025-01-31,1SSlmkB7gsD,WPP-3100961,GRADE_A,USD, 0.73 ,20,14.60,Y
N200,75,2025-01-31,1SSlmkB7gsD,WPP-3100960,GRADE_A,USD, 0.72 ,20,14.40,Y
N200,76,2025-01-31,1SSlmkB7gsD,WPP-3103750,GRADE_A,USD, 1.44 ,10,14.40,Y
N200,77,2025-01-31,1SSlmkB7gsD,WPP-3115854,GRADE_A,USD, 3.53 ,10,35.30,Y
N200,78,2025-01-31,1SSlmkB7gsD,WPP-3115855,GRADE_A,USD, 0.35 ,10,3.50,Y
N200,79,2025-01-31,1SSlmkB7gsD,WPP-3114541,GRADE_A,USD, 1.20 ,3,3.60,Y
N200,80,2025-01-31,1SSlmkB7gsD,WPP-3115392,GRADE_A,USD, 1.20 ,3,3.60,Y
N200,81,2025-01-31,1SSlmkB7gsD,WPP-3116172,GRADE_A,USD, 1.20 ,3,3.60,Y
N200,82,2025-01-31,1SSlmkB7gsD,WPP-3116174,GRADE_A,USD, 1.20 ,3,3.60,Y
N200,83,2025-01-31,1SSlmkB7gsD,WPP-3116225,GRADE_A,USD, 11.57 ,3,34.71,Y
N200,84,2025-01-31,1SSlmkB7gsD,WPP-3116163,GRADE_A,USD, 11.57 ,3,34.71,Y
N200,85,2025-01-31,1SSlmkB7gsD,WPP-3116167,GRADE_A,USD, 11.57 ,3,34.71,Y
N200,86,2025-01-31,1SSlmkB7gsD,WPP-3116168,GRADE_A,USD, 11.57 ,3,34.71,Y
N200,87,2025-01-31,1SSlmkB7gsD,WPP-3114546,GRADE_A,USD, 12.05 ,3,36.15,Y
N200,88,2025-01-31,1SSlmkB7gsD,WPP-3115279,GRADE_A,USD, 12.05 ,3,36.15,Y
N200,89,2025-01-31,1SSlmkB7gsD,WPP-3116175,GRADE_A,USD, 12.05 ,3,36.15,Y
N200,90,2025-01-31,1SSlmkB7gsD,WPP-3116176,GRADE_A,USD, 12.05 ,3,36.15,Y
N200,91,2025-01-31,1SSlmkB7gsD,WPP-3114547,GRADE_A,USD, 8.95 ,3,26.85,Y
N200,92,2025-01-31,1SSlmkB7gsD,WPP-3115281,GRADE_A,USD, 10.35 ,3,31.05,Y
N200,93,2025-01-31,1SSlmkB7gsD,WPP-3116178,GRADE_A,USD, 10.35 ,3,31.05,Y
N200,94,2025-01-31,1SSlmkB7gsD,WPP-3116183,GRADE_A,USD, 10.35 ,3,31.05,Y
N200,95,2025-01-31,1SSlmkB7gsD,WPP-3114549,GRADE_A,USD, 9.68 ,3,29.04,Y
N200,96,2025-01-31,1SSlmkB7gsD,WPP-3115283,GRADE_A,USD, 9.68 ,3,29.04,Y
N200,97,2025-01-31,1SSlmkB7gsD,WPP-3116191,GRADE_A,USD, 9.68 ,3,29.04,Y
N200,98,2025-01-31,1SSlmkB7gsD,WPP-3116192,GRADE_A,USD, 9.68 ,3,29.04,Y
N200,99,2025-01-31,1SSlmkB7gsD,WPP-3114550,GRADE_A,USD, 18.25 ,3,54.75,Y
N200,100,2025-01-31,1SSlmkB7gsD,WPP-3115285,GRADE_A,USD, 18.25 ,3,54.75,Y
N200,101,2025-01-31,1SSlmkB7gsD,WPP-3116193,GRADE_A,USD, 18.25 ,3,54.75,Y
N200,102,2025-01-31,1SSlmkB7gsD,WPP-3116194,GRADE_A,USD, 18.25 ,3,54.75,Y
N200,103,2025-01-31,1SSlmkB7gsD,WPP-3114552,GRADE_A,USD, 1.20 ,10,12.00,Y
N200,104,2025-01-31,1SSlmkB7gsD,WPP-3115289,GRADE_A,USD, 1.20 ,10,12.00,Y
N200,105,2025-01-31,1SSlmkB7gsD,WPP-3116198,GRADE_A,USD, 1.20 ,10,12.00,Y
N200,106,2025-01-31,1SSlmkB7gsD,WPP-3116199,GRADE_A,USD, 1.20 ,10,12.00,Y
N200,107,2025-01-31,1SSlmkB7gsD,WPP-3114108,GRADE_A,USD, 1.47 ,5,7.35,Y
N200,108,2025-01-31,1SSlmkB7gsD,WPP-3117012,GRADE_A,USD, 5.94 ,5,29.70,Y
N200,109,2025-01-31,1SSlmkB7gsD,WPP-3113639,GRADE_A,USD, 4.14 ,3,12.42,Y
N200,110,2025-01-31,1SSlmkB7gsD,WPP-3306112,GRADE_A,USD, 0.90 ,20,18.00,Y
N200,111,2025-01-31,1SSlmkB7gsD,WPP-3116969,GRADE_A,USD, 0.88 ,7,6.16,Y
N200,112,2025-01-31,1SSlmkB7gsD,WPP-3118919,GRADE_A,USD, 1.16 ,3,3.48,Y
N200,113,2025-01-31,1SSlmkB7gsD,WPP-3117646,GRADE_A,USD, 3.90 ,5,19.50,Y
N200,114,2025-01-31,1SSlmkB7gsD,WPP-3118921,GRADE_A,USD, 3.99 ,3,11.97,Y
N200,115,2025-01-31,1SSlmkB7gsD,WPP-3118922,GRADE_A,USD, 0.71 ,3,2.13,Y
N200,116,2025-01-31,1SSlmkB7gsD,WPP-3111501,GRADE_A,USD, 1.17 ,30,35.10,Y
N200,117,2025-01-31,1SSlmkB7gsD,WPF-114016,GRADE_A,USD, 10.00 ,20,200.00,Y
N200,118,2025-01-31,1SSlmkB7gsD,WPP-3116710,GRADE_A,USD, 0.44 ,10,4.40,Y
N200,119,2025-01-31,1SSlmkB7gsD,WPP-3117064,GRADE_A,USD, 4.88 ,5,24.40,Y
N200,120,2025-01-31,1SSlmkB7gsD,WPP-3114579,GRADE_A,USD, 1.31 ,30,39.30,Y
N200,121,2025-01-31,1SSlmkB7gsD,WPP-3117066,GRADE_A,USD, 0.09 ,10,0.90,Y
N200,122,2025-01-31,1SSlmkB7gsD,WPP-3117121,GRADE_A,USD, 4.51 ,5,22.55,Y
N200,123,2025-01-31,1SSlmkB7gsD,WPP-3117122,GRADE_A,USD, 4.46 ,5,22.30,Y
N200,124,2025-01-31,1SSlmkB7gsD,WPP-3117123,GRADE_A,USD, 4.41 ,5,22.05,Y
N200,125,2025-01-31,1SSlmkB7gsD,WPP-3117067,GRADE_A,USD, 9.73 ,5,48.65,Y
N200,126,2025-01-31,1SSlmkB7gsD,WPP-3117068,GRADE_A,USD, 22.06 ,2,44.12,Y
N200,127,2025-01-31,1SSlmkB7gsD,WPP-3117069,GRADE_A,USD, 22.06 ,2,44.12,Y
N200,128,2025-01-31,1SSlmkB7gsD,WPP-3116177,GRADE_A,USD, 5.49 ,10,54.90,Y
N200,129,2025-01-31,1SSlmkB7gsD,WPP-3116157,GRADE_A,USD, 15.11 ,10,151.10,Y
N200,130,2025-01-31,1SSlmkB7gsD,WPP-3117070,GRADE_A,USD, 0.30 ,1,0.30,Y
N200,131,2025-01-31,1SSlmkB7gsD,WPP-3116162,GRADE_A,USD, 9.50 ,10,95.00,Y
N200,132,2025-01-31,1SSlmkB7gsD,WPP-3113677,GRADE_A,USD, 4.67 ,10,46.70,Y
N200,133,2025-01-31,1SSlmkB7gsD,WPP-3116272,GRADE_A,USD, 5.50 ,10,55.00,Y
N200,134,2025-01-31,1SSlmkB7gsD,WPP-3117071,GRADE_A,USD, 6.27 ,10,62.70,Y
N200,135,2025-01-31,1SSlmkB7gsD,WPP-3117073,GRADE_A,USD, 3.29 ,10,32.90,Y
N200,136,2025-01-31,1SSlmkB7gsD,WPP-3117124,GRADE_A,USD, 41.13 ,2,82.26,Y
N200,137,2025-01-31,1SSlmkB7gsD,WPP-3115773,GRADE_A,USD, 0.94 ,15,14.10,Y
N200,138,2025-01-31,1SSlmkB7gsD,WPP-3117074,GRADE_A,USD, 0.60 ,20,12.00,Y
N200,139,2025-01-31,1SSlmkB7gsD,WPP-3117075,GRADE_A,USD, 7.71 ,4,30.84,Y
N200,140,2025-01-31,1SSlmkB7gsD,WPP-3117076,GRADE_A,USD, 0.71 ,10,7.10,Y
N200,141,2025-01-31,1SSlmkB7gsD,WPP-3117077,GRADE_A,USD, 0.69 ,10,6.90,Y
N200,142,2025-01-31,1SSlmkB7gsD,WPP-3117078,GRADE_A,USD, 0.62 ,10,6.20,Y
N200,143,2025-01-31,1SSlmkB7gsD,WPP-3116088,GRADE_A,USD, 15.77 ,10,157.70,Y
N200,144,2025-01-31,1SSlmkB7gsD,WPP-3116156,GRADE_A,USD, 12.39 ,10,123.90,Y
N200,145,2025-01-31,1SSlmkB7gsD,WPP-3116092,GRADE_A,USD, 4.17 ,10,41.70,Y
N200,146,2025-01-31,1SSlmkB7gsD,WPP-3117082,GRADE_A,USD, 0.50 ,5,2.50,Y
N200,147,2025-01-31,1SSlmkB7gsD,WPP-3116117,GRADE_A,USD, 5.21 ,10,52.10,Y
N200,148,2025-01-31,1SSlmkB7gsD,WPP-3117083,GRADE_A,USD, 0.75 ,2,1.50,Y
N200,149,2025-01-31,1SSlmkB7gsD,WPP-3117084,GRADE_A,USD, 3.47 ,2,6.94,Y
N200,150,2025-01-31,1SSlmkB7gsD,WPP-3117089,GRADE_A,USD, 11.96 ,10,119.60,Y
N200,151,2025-01-31,1SSlmkB7gsD,WPP-3117090,GRADE_A,USD, 26.51 ,3,79.53,Y
N200,152,2025-01-31,1SSlmkB7gsD,WPP-3117091,GRADE_A,USD, 19.09 ,10,190.90,Y
N200,153,2025-01-31,1SSlmkB7gsD,WPP-3117092,GRADE_A,USD, 25.05 ,10,250.50,Y
N200,154,2025-01-31,1SSlmkB7gsD,WPP-3117093,GRADE_A,USD, 3.17 ,3,9.51,Y
N200,155,2025-01-31,1SSlmkB7gsD,WPP-3117094,GRADE_A,USD, 5.63 ,10,56.30,Y
N200,156,2025-01-31,1SSlmkB7gsD,WPP-3117095,GRADE_A,USD, 1.32 ,1,1.32,Y
N200,157,2025-01-31,1SSlmkB7gsD,WPP-3117557,GRADE_A,USD, 18.06 ,15,270.90,Y
N200,158,2025-01-31,1SSlmkB7gsD,WPP-3117096,GRADE_A,USD, 4.67 ,10,46.70,Y
N200,159,2025-01-31,1SSlmkB7gsD,WPP-3117097,GRADE_A,USD, 3.80 ,10,38.00,Y
N200,160,2025-01-31,1SSlmkB7gsD,WPP-3117098,GRADE_A,USD, 3.25 ,2,6.50,Y
N200,161,2025-01-31,1SSlmkB7gsD,WPP-3117099,GRADE_A,USD, 3.25 ,2,6.50,Y
N200,162,2025-01-31,1SSlmkB7gsD,WPP-3117100,GRADE_A,USD, 4.49 ,2,8.98,Y
N200,163,2025-01-31,1SSlmkB7gsD,WPP-3117101,GRADE_A,USD, 4.51 ,2,9.02,Y
N200,164,2025-01-31,1SSlmkB7gsD,WPP-3117102,GRADE_A,USD, 4.06 ,2,8.12,Y
N200,165,2025-01-31,1SSlmkB7gsD,WPP-3117103,GRADE_A,USD, 4.08 ,2,8.16,Y
N200,166,2025-01-31,1SSlmkB7gsD,WPP-3117104,GRADE_A,USD, 10.82 ,2,21.64,Y
N200,167,2025-01-31,1SSlmkB7gsD,WPP-3117105,GRADE_A,USD, 10.82 ,2,21.64,Y
N200,168,2025-01-31,1SSlmkB7gsD,WPP-3117106,GRADE_A,USD, 28.31 ,2,56.62,Y
N200,169,2025-01-31,1SSlmkB7gsD,WPP-3117107,GRADE_A,USD, 28.31 ,2,56.62,Y
N200,170,2025-01-31,1SSlmkB7gsD,WPP-3117108,GRADE_A,USD, 32.59 ,10,325.90,Y
N200,171,2025-01-31,1SSlmkB7gsD,WPP-3113928,GRADE_A,USD, 1.57 ,10,15.70,Y
N200,172,2025-01-31,1SSlmkB7gsD,WPP-3117109,GRADE_A,USD, 14.20 ,2,28.40,Y
N200,173,2025-01-31,1SSlmkB7gsD,WPP-3117110,GRADE_A,USD, 14.20 ,2,28.40,Y
N200,174,2025-01-31,1SSlmkB7gsD,WPP-3117111,GRADE_A,USD, 16.08 ,2,32.16,Y
N200,175,2025-01-31,1SSlmkB7gsD,WPP-3117112,GRADE_A,USD, 16.06 ,2,32.12,Y
N200,176,2025-01-31,1SSlmkB7gsD,WPP-3117113,GRADE_A,USD, 12.12 ,2,24.24,Y
N200,177,2025-01-31,1SSlmkB7gsD,WPP-3117114,GRADE_A,USD, 12.28 ,2,24.56,Y
N200,178,2025-01-31,1SSlmkB7gsD,WPP-3117115,GRADE_A,USD, 2.49 ,10,24.90,Y
N200,179,2025-01-31,1SSlmkB7gsD,WPP-3117116,GRADE_A,USD, 2.49 ,10,24.90,Y
N200,180,2025-01-31,1SSlmkB7gsD,WPP-3117117,GRADE_A,USD, 11.71 ,5,58.55,Y
N200,181,2025-01-31,1SSlmkB7gsD,WPP-3100092,GRADE_A,USD, 0.72 ,10,7.20,Y
N200,182,2025-01-31,1SSlmkB7gsD,WPP-3100101,GRADE_A,USD, 0.78 ,10,7.80,Y
N200,183,2025-01-31,1SSlmkB7gsD,WPP-3117118,GRADE_A,USD, 2.23 ,2,4.46,Y
N200,184,2025-01-31,1SSlmkB7gsD,WPP-3119591,GRADE_A,USD, 4.77 ,5,23.85,Y
N200,185,2025-01-31,1SSlmkB7gsD,WPP-3117926,GRADE_A,USD, 1.15 ,5,5.75,Y
N200,186,2025-01-31,1SSlmkB7gsD,WPP-3117929,GRADE_A,USD, 1.15 ,5,5.75,Y
N200,187,2025-01-31,1SSlmkB7gsD,WPP-3115632,GRADE_A,USD, 0.62 ,10,6.20,Y
N200,188,2025-01-31,1SSlmkB7gsD,WPP-3117930,GRADE_A,USD, 0.65 ,10,6.50,Y
N200,189,2025-01-31,1SSlmkB7gsD,WPP-3117931,GRADE_A,USD, 3.29 ,5,16.45,Y
N200,190,2025-01-31,1SSlmkB7gsD,WPP-3118815,GRADE_A,USD, 1.00 ,5,5.00,Y
N200,191,2025-01-31,1SSlmkB7gsD,WPP-3118822,GRADE_A,USD, 2.56 ,5,12.80,Y
N200,192,2025-01-31,1SSlmkB7gsD,WPP-3118824,GRADE_A,USD, 2.56 ,5,12.80,Y
N200,193,2025-01-31,1SSlmkB7gsD,WPP-3119965,GRADE_A,USD, 4.69 ,5,23.45,Y
N200,194,2025-01-31,1SSlmkB7gsD,WPF-113971,GRADE_A,USD, 2.61 ,25,65.25,Y
N200,195,2025-01-31,1SSlmkB7gsD,WPF-113973,GRADE_A,USD, 8.86 ,25,221.50,Y
N200,196,2025-01-31,1SSlmkB7gsD,WPF-113974,GRADE_A,USD, 1.86 ,25,46.50,Y
N200,197,2025-01-31,1SSlmkB7gsD,WPP-3115744,GRADE_A,USD, 144.81 ,2,289.62,Y
N200,198,2025-01-31,1SSlmkB7gsD,WPP-3116376,GRADE_A,USD, 144.81 ,2,289.62,Y
N200,199,2025-01-31,1SSlmkB7gsD,WPP-3116377,GRADE_A,USD, 144.81 ,2,289.62,Y
N200,200,2025-01-31,1SSlmkB7gsD,WPP-3116378,GRADE_A,USD, 144.81 ,2,289.62,Y
N200,201,2025-01-31,1SSlmkB7gsD,WPP-3115945,GRADE_A,USD, 1.95 ,6,11.70,Y
N200,202,2025-01-31,1SSlmkB7gsD,WPP-3116550,GRADE_A,USD, 1.95 ,6,11.70,Y
N200,203,2025-01-31,1SSlmkB7gsD,WPP-3116551,GRADE_A,USD, 1.95 ,6,11.70,Y
N200,204,2025-01-31,1SSlmkB7gsD,WPP-3116552,GRADE_A,USD, 1.95 ,6,11.70,Y
N200,205,2025-01-31,1SSlmkB7gsD,WPP-3115947,GRADE_A,USD, 2.38 ,10,23.80,Y
N200,206,2025-01-31,1SSlmkB7gsD,WPP-3115953,GRADE_A,USD, 0.35 ,6,2.10,Y
N200,207,2025-01-31,1SSlmkB7gsD,WPP-3116563,GRADE_A,USD, 0.35 ,6,2.10,Y
N200,208,2025-01-31,1SSlmkB7gsD,WPP-3116564,GRADE_A,USD, 0.35 ,6,2.10,Y
N200,209,2025-01-31,1SSlmkB7gsD,WPP-3116565,GRADE_A,USD, 0.35 ,6,2.10,Y
N200,210,2025-01-31,1SSlmkB7gsD,WPP-3115745,GRADE_A,USD, 10.51 ,20,210.20,Y
N200,211,2025-01-31,1SSlmkB7gsD,WPP-3115746,GRADE_A,USD, 2.79 ,10,27.90,Y
N200,212,2025-01-31,1SSlmkB7gsD,WPP-3115747,GRADE_A,USD, 5.05 ,20,101.00,Y
N200,213,2025-01-31,1SSlmkB7gsD,WPP-3110757,GRADE_A,USD, 3.91 ,15,58.65,Y
N200,214,2025-01-31,1SSlmkB7gsD,WPP-3117125,GRADE_A,USD, 0.46 ,5,2.30,Y
N200,215,2025-01-31,1SSlmkB7gsD,WPP-3115938,GRADE_A,USD, 3.74 ,3,11.22,Y
N200,216,2025-01-31,1SSlmkB7gsD,WPP-3110075,GRADE_A,USD, 0.98 ,10,9.80,Y
N200,217,2025-01-31,1SSlmkB7gsD,WPP-3115748,GRADE_A,USD, 19.94 ,1,19.94,Y
N200,218,2025-01-31,1SSlmkB7gsD,WPP-3117126,GRADE_A,USD, 2.38 ,5,11.90,Y
N200,219,2025-01-31,1SSlmkB7gsD,WPP-3104607,GRADE_A,USD, 1.08 ,5,5.40,Y
N200,220,2025-01-31,1SSlmkB7gsD,WPP-3115875,GRADE_A,USD, 2.93 ,5,14.65,Y
N200,221,2025-01-31,1SSlmkB7gsD,WPP-3115749,GRADE_A,USD, 2.82 ,5,14.10,Y
N200,222,2025-01-31,1SSlmkB7gsD,WPP-3107637,GRADE_A,USD, 3.24 ,5,16.20,Y
N200,223,2025-01-31,1SSlmkB7gsD,WPP-3119372,GRADE_A,USD, 2.83 ,5,14.15,Y
N200,224,2025-01-31,1SSlmkB7gsD,WPP-3117127,GRADE_A,USD, 1.66 ,1,1.66,Y
N200,225,2025-01-31,1SSlmkB7gsD,WPP-3115879,GRADE_A,USD, 40.96 ,5,204.80,Y
N200,226,2025-01-31,1SSlmkB7gsD,WPP-3115751,GRADE_A,USD, 0.21 ,1,0.21,Y
N200,227,2025-01-31,1SSlmkB7gsD,WPP-3115753,GRADE_A,USD, 0.22 ,1,0.22,Y
N200,228,2025-01-31,1SSlmkB7gsD,WPP-3117129,GRADE_A,USD, 1.36 ,20,27.20,Y
N200,229,2025-01-31,1SSlmkB7gsD,WPP-3117135,GRADE_A,USD, 1.15 ,10,11.50,Y
N200,230,2025-01-31,1SSlmkB7gsD,WPP-3115774,GRADE_A,USD, 27.14 ,2,54.28,Y
N200,231,2025-01-31,1SSlmkB7gsD,WPP-3103098,GRADE_A,USD, 0.66 ,20,13.20,Y
N200,232,2025-01-31,1SSlmkB7gsD,WPP-3213388,GRADE_A,USD, 0.90 ,5,4.50,Y
N200,233,2025-01-31,1SSlmkB7gsD,WPP-3117136,GRADE_A,USD, 2.26 ,5,11.30,Y
N200,234,2025-01-31,1SSlmkB7gsD,WPP-3115776,GRADE_A,USD, 5.30 ,5,26.50,Y
N200,235,2025-01-31,1SSlmkB7gsD,WPP-3115777,GRADE_A,USD, 3.06 ,5,15.30,Y
N200,236,2025-01-31,1SSlmkB7gsD,WPP-3117138,GRADE_A,USD, 11.88 ,3,35.64,Y
N200,237,2025-01-31,1SSlmkB7gsD,WPP-3115790,GRADE_A,USD, 2.94 ,5,14.70,Y
N200,238,2025-01-31,1SSlmkB7gsD,WPP-3115797,GRADE_A,USD, 2.83 ,5,14.15,Y
N200,239,2025-01-31,1SSlmkB7gsD,WPP-3115799,GRADE_A,USD, 3.35 ,5,16.75,Y
N200,240,2025-01-31,1SSlmkB7gsD,WPP-3115802,GRADE_A,USD, 0.97 ,10,9.70,Y
N200,241,2025-01-31,1SSlmkB7gsD,WPP-3113516,GRADE_A,USD, 0.68 ,3,2.04,Y
N200,242,2025-01-31,1SSlmkB7gsD,WPP-3115803,GRADE_A,USD, 0.11 ,5,0.55,Y
N200,243,2025-01-31,1SSlmkB7gsD,WPP-3115827,GRADE_A,USD, 0.11 ,5,0.55,Y
N200,244,2025-01-31,1SSlmkB7gsD,WPP-3117556,GRADE_A,USD, 0.46 ,5,2.30,Y
N200,245,2025-01-31,1SSlmkB7gsD,WPP-3115801,GRADE_A,USD, 3.87 ,5,19.35,Y
N200,246,2025-01-31,1SSlmkB7gsD,WPP-3115880,GRADE_A,USD, 3.43 ,5,17.15,Y
N200,247,2025-01-31,1SSlmkB7gsD,WPP-3115881,GRADE_A,USD, 3.43 ,5,17.15,Y
N200,248,2025-01-31,1SSlmkB7gsD,WPP-3115806,GRADE_A,USD, 0.77 ,3,2.31,Y
N200,249,2025-01-31,1SSlmkB7gsD,WPP-3115810,GRADE_A,USD, 19.70 ,10,197.00,Y
N200,250,2025-01-31,1SSlmkB7gsD,WPP-3115812,GRADE_A,USD, 11.05 ,10,110.50,Y
N200,251,2025-01-31,1SSlmkB7gsD,WPP-3117558,GRADE_A,USD, 35.52 ,20,710.40,Y
N200,252,2025-01-31,1SSlmkB7gsD,WPP-3117559,GRADE_A,USD, 3.64 ,3,10.92,Y
N200,253,2025-01-31,1SSlmkB7gsD,WPP-3115821,GRADE_A,USD, 4.29 ,3,12.87,Y
N200,254,2025-01-31,1SSlmkB7gsD,WPP-3117561,GRADE_A,USD, 1.22 ,10,12.20,Y
N200,255,2025-01-31,1SSlmkB7gsD,WPP-3115822,GRADE_A,USD, 10.31 ,3,30.93,Y
N200,256,2025-01-31,1SSlmkB7gsD,WPP-3115823,GRADE_A,USD, 4.83 ,3,14.49,Y
N200,257,2025-01-31,1SSlmkB7gsD,WPP-3115824,GRADE_A,USD, 7.38 ,3,22.14,Y
N200,258,2025-01-31,1SSlmkB7gsD,WPP-3115825,GRADE_A,USD, 4.71 ,3,14.13,Y
N200,259,2025-01-31,1SSlmkB7gsD,WPP-3115826,GRADE_A,USD, 13.74 ,3,41.22,Y
N200,260,2025-01-31,1SSlmkB7gsD,WPP-3117562,GRADE_A,USD, 133.08 ,3,399.24,Y
N200,261,2025-01-31,1SSlmkB7gsD,WPP-3117563,GRADE_A,USD, 133.08 ,3,399.24,Y
N200,262,2025-01-31,1SSlmkB7gsD,WPP-3117575,GRADE_A,USD, 3.74 ,3,11.22,Y
N200,263,2025-01-31,1SSlmkB7gsD,WPP-3117576,GRADE_A,USD, 39.83 ,2,79.66,Y
N200,264,2025-01-31,1SSlmkB7gsD,WPP-3118814,GRADE_A,USD, 0.55 ,20,11.00,Y
N200,265,2025-01-31,1SSlmkB7gsD,WPP-3301443,GRADE_A,USD, 0.75 ,5,3.75,Y
N200,266,2025-01-31,1SSlmkB7gsD,WPP-3117577,GRADE_A,USD, 2.45 ,20,49.00,Y
N200,267,2025-01-31,1SSlmkB7gsD,WPP-3117578,GRADE_A,USD, 3.80 ,5,19.00,Y
N200,268,2025-01-31,1SSlmkB7gsD,WPP-3117579,GRADE_A,USD, 22.40 ,5,112.00,Y
N200,269,2025-01-31,1SSlmkB7gsD,WPP-3117580,GRADE_A,USD, 5.57 ,5,27.85,Y
N200,270,2025-01-31,1SSlmkB7gsD,WPP-3117582,GRADE_A,USD, 3.27 ,2,6.54,Y
N200,271,2025-01-31,1SSlmkB7gsD,WPP-3117583,GRADE_A,USD, 2.53 ,3,7.59,Y
N200,272,2025-01-31,1SSlmkB7gsD,WPP-3117584,GRADE_A,USD, 10.78 ,3,32.34,Y
N200,273,2025-01-31,1SSlmkB7gsD,WPP-3117585,GRADE_A,USD, 4.83 ,3,14.49,Y
N200,274,2025-01-31,1SSlmkB7gsD,WPP-3117586,GRADE_A,USD, 3.60 ,3,10.80,Y
N200,275,2025-01-31,1SSlmkB7gsD,WPP-3118783,GRADE_A,USD, 14.40 ,3,43.20,Y
N200,276,2025-01-31,1SSlmkB7gsD,WPP-3118784,GRADE_A,USD, 14.40 ,3,43.20,Y
N200,277,2025-01-31,1SSlmkB7gsD,WPP-3116850,GRADE_A,USD, 3.36 ,3,10.08,Y
N200,278,2025-01-31,1SSlmkB7gsD,WPP-3116900,GRADE_A,USD, 3.36 ,3,10.08,Y
N200,279,2025-01-31,1SSlmkB7gsD,WPP-3116851,GRADE_A,USD, 4.82 ,3,14.46,Y
N200,280,2025-01-31,1SSlmkB7gsD,WPP-3116853,GRADE_A,USD, 45.92 ,5,229.60,Y
N200,281,2025-01-31,1SSlmkB7gsD,WPP-3116854,GRADE_A,USD, 6.43 ,2,12.86,Y
N200,282,2025-01-31,1SSlmkB7gsD,WPP-3116880,GRADE_A,USD, 35.42 ,10,354.20,Y
N200,283,2025-01-31,1SSlmkB7gsD,WPP-3116858,GRADE_A,USD, 3.33 ,1,3.33,Y
N200,284,2025-01-31,1SSlmkB7gsD,WPP-3112467,GRADE_A,USD, 3.26 ,5,16.30,Y
N200,285,2025-01-31,1SSlmkB7gsD,WPP-3116857,GRADE_A,USD, 5.08 ,5,25.40,Y
N200,286,2025-01-31,1SSlmkB7gsD,WPP-3112473,GRADE_A,USD, 3.11 ,10,31.10,Y
N200,287,2025-01-31,1SSlmkB7gsD,WPP-3116901,GRADE_A,USD, 2.62 ,10,26.20,Y
N200,288,2025-01-31,1SSlmkB7gsD,WPP-3116935,GRADE_A,USD, 2.61 ,10,26.10,Y
N200,289,2025-01-31,1SSlmkB7gsD,WPP-3112477,GRADE_A,USD, 6.57 ,10,65.70,Y
N200,290,2025-01-31,1SSlmkB7gsD,WPP-3112481,GRADE_A,USD, 1.75 ,10,17.50,Y
N200,291,2025-01-31,1SSlmkB7gsD,WPP-3117774,GRADE_A,USD, 11.01 ,10,110.10,Y
N200,292,2025-01-31,1SSlmkB7gsD,WPP-3116860,GRADE_A,USD, 1.58 ,3,4.74,Y
N200,293,2025-01-31,1SSlmkB7gsD,WPP-3116867,GRADE_A,USD, 2.07 ,3,6.21,Y
N200,294,2025-01-31,1SSlmkB7gsD,WPP-3116889,GRADE_A,USD, 7.32 ,3,21.96,Y
N200,295,2025-01-31,1SSlmkB7gsD,WPP-3116896,GRADE_A,USD, 7.32 ,3,21.96,Y
N200,296,2025-01-31,1SSlmkB7gsD,WPP-3116898,GRADE_A,USD, 7.44 ,3,22.32,Y
N200,297,2025-01-31,1SSlmkB7gsD,WPP-3116870,GRADE_A,USD, 2.10 ,3,6.30,Y
N200,298,2025-01-31,1SSlmkB7gsD,WPP-3116890,GRADE_A,USD, 7.35 ,3,22.05,Y
N200,299,2025-01-31,1SSlmkB7gsD,WPP-3116897,GRADE_A,USD, 7.35 ,3,22.05,Y
N200,300,2025-01-31,1SSlmkB7gsD,WPP-3116899,GRADE_A,USD, 7.46 ,3,22.38,Y
N200,301,2025-01-31,1SSlmkB7gsD,WPP-3116872,GRADE_A,USD, 2.35 ,3,7.05,Y
N200,302,2025-01-31,1SSlmkB7gsD,WPP-3116891,GRADE_A,USD, 2.35 ,3,7.05,Y
N200,303,2025-01-31,1SSlmkB7gsD,WPP-3116902,GRADE_A,USD, 2.37 ,3,7.11,Y
N200,304,2025-01-31,1SSlmkB7gsD,WPP-3116903,GRADE_A,USD, 2.37 ,3,7.11,Y
N200,305,2025-01-31,1SSlmkB7gsD,WPP-3118450,GRADE_A,USD, 11.39 ,3,34.17,Y
N200,306,2025-01-31,1SSlmkB7gsD,WPP-3116923,GRADE_A,USD, 11.34 ,3,34.02,Y
N200,307,2025-01-31,1SSlmkB7gsD,WPP-3116940,GRADE_A,USD, 11.29 ,3,33.87,Y
N200,308,2025-01-31,1SSlmkB7gsD,WPP-3116942,GRADE_A,USD, 11.39 ,3,34.17,Y
N200,309,2025-01-31,1SSlmkB7gsD,WPP-3116865,GRADE_A,USD, 31.72 ,5,158.60,Y
N200,310,2025-01-31,1SSlmkB7gsD,WPP-3116925,GRADE_A,USD, 31.72 ,5,158.60,Y
N200,311,2025-01-31,1SSlmkB7gsD,WPP-3116944,GRADE_A,USD, 31.72 ,5,158.60,Y
N200,312,2025-01-31,1SSlmkB7gsD,WPP-3116946,GRADE_A,USD, 31.72 ,5,158.60,Y
N200,313,2025-01-31,1SSlmkB7gsD,WPP-3117814,GRADE_A,USD, 17.03 ,5,85.15,Y
N200,314,2025-01-31,1SSlmkB7gsD,WPP-3118451,GRADE_A,USD, 14.12 ,5,70.60,Y
N200,315,2025-01-31,1SSlmkB7gsD,WPP-3116936,GRADE_A,USD, 14.12 ,5,70.60,Y
N200,316,2025-01-31,1SSlmkB7gsD,WPP-3116894,GRADE_A,USD, 14.12 ,5,70.60,Y
N200,317,2025-01-31,1SSlmkB7gsD,WPP-3116895,GRADE_A,USD, 14.12 ,5,70.60,Y
N200,318,2025-01-31,1SSlmkB7gsD,WPP-3117624,GRADE_A,USD, 7.17 ,3,21.51,Y
N200,319,2025-01-31,1SSlmkB7gsD,WPP-3116938,GRADE_A,USD, 7.16 ,3,21.48,Y
N200,320,2025-01-31,1SSlmkB7gsD,WPP-3116947,GRADE_A,USD, 7.11 ,3,21.33,Y
N200,321,2025-01-31,1SSlmkB7gsD,WPP-3116948,GRADE_A,USD, 7.11 ,3,21.33,Y
N200,322,2025-01-31,1SSlmkB7gsD,WPP-3116874,GRADE_A,USD, 1.43 ,10,14.30,Y
N200,323,2025-01-31,1SSlmkB7gsD,WPP-3116939,GRADE_A,USD, 1.44 ,10,14.40,Y
N200,324,2025-01-31,1SSlmkB7gsD,WPP-3116920,GRADE_A,USD, 1.41 ,10,14.10,Y
N200,325,2025-01-31,1SSlmkB7gsD,WPP-3116922,GRADE_A,USD, 1.41 ,10,14.10,Y
N200,326,2025-01-31,1SSlmkB7gsD,WPP-3112486,GRADE_A,USD, 2.36 ,5,11.80,Y
N200,327,2025-01-31,1SSlmkB7gsD,WPP-3116871,GRADE_A,USD, 0.67 ,2,1.34,Y
N200,328,2025-01-31,1SSlmkB7gsD,WPP-3112475,GRADE_A,USD, 1.51 ,1,1.51,Y
N200,329,2025-01-31,1SSlmkB7gsD,WPP-3112456,GRADE_A,USD, 0.13 ,5,0.65,Y
N200,330,2025-01-31,1SSlmkB7gsD,WPP-3117139,GRADE_A,USD, 1.24 ,10,12.40,Y
N200,331,2025-01-31,1SSlmkB7gsD,WPP-3119604,GRADE_A,USD, 0.67 ,4,2.68,Y
N200,332,2025-01-31,1SSlmkB7gsD,WPP-3304567,GRADE_A,USD, 1.56 ,10,15.60,Y
N200,333,2025-01-31,1SSlmkB7gsD,WPP-3104344,GRADE_A,USD, 3.34 ,3,10.02,Y
N200,334,2025-01-31,1SSlmkB7gsD,WPP-3117772,GRADE_A,USD, 7.68 ,5,38.40,Y
N200,335,2025-01-31,1SSlmkB7gsD,WPP-3112783,GRADE_A,USD, 2.75 ,5,13.75,Y
N200,336,2025-01-31,1SSlmkB7gsD,WPP-3104366,GRADE_A,USD, 0.68 ,2,1.36,Y
N200,337,2025-01-31,1SSlmkB7gsD,WPP-3116968,GRADE_A,USD, 0.80 ,2,1.60,Y
N200,338,2025-01-31,1SSlmkB7gsD,WPP-3116967,GRADE_A,USD, 0.52 ,2,1.04,Y
N200,339,2025-01-31,1SSlmkB7gsD,WPP-3116971,GRADE_A,USD, 0.26 ,5,1.30,Y
N200,340,2025-01-31,1SSlmkB7gsD,WPP-3116852,GRADE_A,USD, 74.97 ,3,224.91,Y
N200,341,2025-01-31,1SSlmkB7gsD,WPP-3116941,GRADE_A,USD, 1.25 ,30,37.50,Y
N200,342,2025-01-31,1SSlmkB7gsD,WPP-3111692,GRADE_A,USD, 23.92 ,5,119.60,Y
N200,343,2025-01-31,1SSlmkB7gsD,WPP-3117185,GRADE_A,USD, 0.24 ,10,2.40,Y
N200,344,2025-01-31,1SSlmkB7gsD,WPP-3118449,GRADE_A,USD, 2.47 ,3,7.41,Y
N200,345,2025-01-31,1SSlmkB7gsD,WPP-3116446,GRADE_A,USD, 2.43 ,10,24.30,Y
N200,346,2025-01-31,1SSlmkB7gsD,WPP-3119190,GRADE_A,USD, 0.39 ,3,1.17,Y
N200,347,2025-01-31,1SSlmkB7gsD,WPP-3119193,GRADE_A,USD, 3.42 ,3,10.26,Y
N200,348,2025-01-31,1SSlmkB7gsD,WPP-3119194,GRADE_A,USD, 0.08 ,6,0.48,Y
N200,349,2025-01-31,1SSlmkB7gsD,WPP-3119195,GRADE_A,USD, 0.34 ,3,1.02,Y
N200,350,2025-01-31,1SSlmkB7gsD,WPP-3119196,GRADE_A,USD, 15.64 ,1,15.64,Y
N200,351,2025-01-31,1SSlmkB7gsD,WPP-3119198,GRADE_A,USD, 2.52 ,3,7.56,Y
N200,352,2025-01-31,1SSlmkB7gsD,WPP-3107013,GRADE_A,USD, 3.53 ,5,17.65,Y
N200,353,2025-01-31,1SSlmkB7gsD,WPP-3114575,GRADE_A,USD, 9.67 ,3,29.01,Y
N200,354,2025-01-31,1SSlmkB7gsD,WPP-3119200,GRADE_A,USD, 6.54 ,3,19.62,Y
N200,355,2025-01-31,1SSlmkB7gsD,WPP-3119203,GRADE_A,USD, 2.95 ,5,14.75,Y
N200,356,2025-01-31,1SSlmkB7gsD,WPP-3119204,GRADE_A,USD, 3.48 ,3,10.44,Y
N200,357,2025-01-31,1SSlmkB7gsD,WPP-3119205,GRADE_A,USD, 2.98 ,3,8.94,Y
N200,358,2025-01-31,1SSlmkB7gsD,WPP-3119206,GRADE_A,USD, 9.72 ,5,48.60,Y
N200,359,2025-01-31,1SSlmkB7gsD,WPP-3119207,GRADE_A,USD, 3.37 ,5,16.85,Y
N200,360,2025-01-31,1SSlmkB7gsD,WPP-3119208,GRADE_A,USD, 5.44 ,5,27.20,Y
N200,361,2025-01-31,1SSlmkB7gsD,WPP-3119209,GRADE_A,USD, 31.67 ,2,63.34,Y
N200,362,2025-01-31,1SSlmkB7gsD,WPP-3119210,GRADE_A,USD, 0.38 ,5,1.90,Y
N200,363,2025-01-31,1SSlmkB7gsD,WPP-3119211,GRADE_A,USD, 0.38 ,5,1.90,Y
N200,364,2025-01-31,1SSlmkB7gsD,WPP-3119212,GRADE_A,USD, 13.43 ,10,134.30,Y
N200,365,2025-01-31,1SSlmkB7gsD,WPP-3119213,GRADE_A,USD, 11.11 ,10,111.10,Y
N200,366,2025-01-31,1SSlmkB7gsD,WPP-3119214,GRADE_A,USD, 2.24 ,3,6.72,Y
N200,367,2025-01-31,1SSlmkB7gsD,WPP-3119215,GRADE_A,USD, 24.16 ,3,72.48,Y
N200,368,2025-01-31,1SSlmkB7gsD,WPP-3119216,GRADE_A,USD, 10.41 ,3,31.23,Y
N200,369,2025-01-31,1SSlmkB7gsD,WPP-3119217,GRADE_A,USD, 3.38 ,3,10.14,Y
N200,370,2025-01-31,1SSlmkB7gsD,WPP-3119218,GRADE_A,USD, 4.12 ,3,12.36,Y
N200,371,2025-01-31,1SSlmkB7gsD,WPP-3119219,GRADE_A,USD, 4.17 ,3,12.51,Y
N200,372,2025-01-31,1SSlmkB7gsD,WPP-3119220,GRADE_A,USD, 2.55 ,5,12.75,Y
N200,373,2025-01-31,1SSlmkB7gsD,WPP-3119221,GRADE_A,USD, 2.98 ,5,14.90,Y
N200,374,2025-01-31,1SSlmkB7gsD,WPP-3116467,GRADE_A,USD, 1.26 ,10,12.60,Y
N200,375,2025-01-31,1SSlmkB7gsD,WPP-3118993,GRADE_A,USD, 0.56 ,20,11.20,Y
N200,376,2025-01-31,1SSlmkB7gsD,WPP-3119224,GRADE_A,USD, 0.23 ,3,0.69,Y
N200,377,2025-01-31,1SSlmkB7gsD,WPP-3119225,GRADE_A,USD, 0.24 ,10,2.40,Y
N200,378,2025-01-31,1SSlmkB7gsD,WPP-3119226,GRADE_A,USD, 0.10 ,3,0.30,Y
N200,379,2025-01-31,1SSlmkB7gsD,WPP-3119227,GRADE_A,USD, 0.73 ,10,7.30,Y
N200,380,2025-01-31,1SSlmkB7gsD,WPF-113801,GRADE_A,USD, 11.92 ,30,357.60,Y
N200,381,2025-01-31,1SSlmkB7gsD,WPF-3120505,GRADE_A,USD, 3.87 ,20,77.40,Y
T200,382,2025-01-31,1SSlmkB7gsD,WP-113729,GRADE_A,USD, 419.26 ,120,50311.20,Y
T200,383,2025-01-31,1SSlmkB7gsD,WP-113627,GRADE_A,USD, 419.26 ,48,20124.48,Y
T200,384,2025-01-31,1SSlmkB7gsD,WP-113786,GRADE_A,USD, 419.26 ,48,20124.48,Y
T200,385,2025-01-31,1SSlmkB7gsD,WP-113785,GRADE_A,USD, 419.26 ,48,20124.48,Y
T200,386,2025-01-31,1SSlmkB7gsD,WP-113727,GRADE_A,USD, 768.66 ,165,126828.90,Y
T200,387,2025-01-31,1SSlmkB7gsD,WP-113713,GRADE_A,USD, 768.66 ,165,126828.90,Y
T200,388,2025-01-31,1SSlmkB7gsD,WP-113637,GRADE_A,USD, 680.01 ,126,85681.26,Y
T200,389,2025-01-31,1SSlmkB7gsD,WP-113782,GRADE_A,USD, 680.01 ,36,24480.36,Y
T200,390,2025-01-31,1SSlmkB7gsD,WP-113781,GRADE_A,USD, 680.01 ,36,24480.36,Y
T200,391,2025-01-31,1SSlmkB7gsD,WP-113783,GRADE_A,USD, 680.01 ,36,24480.36,Y
T200,392,2025-01-31,1SSlmkB7gsD,WP-113725,GRADE_A,USD, 378.07 ,52,19659.64,Y
T200,393,2025-01-31,1SSlmkB7gsD,WP-113643,GRADE_A,USD, 378.07 ,52,19659.64,Y
T200,394,2025-01-31,1SSlmkB7gsD,WP-113792,GRADE_A,USD, 378.07 ,52,19659.64,Y
T200,395,2025-01-31,1SSlmkB7gsD,WP-113793,GRADE_A,USD, 378.07 ,52,19659.64,Y
T200,396,2025-01-31,1SSlmkB7gsD,WP-113780,GRADE_A,USD, 566.36 ,36,20388.96,Y
T200,397,2025-01-31,1SSlmkB7gsD,WP-113784,GRADE_A,USD, 566.36 ,36,20388.96,Y
T200,398,2025-01-31,1SSlmkB7gsD,WP-113816,GRADE_A,USD, 520.71 ,72,37491.12,Y
T200,399,2025-01-31,1SSlmkB7gsD,WP-113818,GRADE_A,USD, 520.71 ,18,9372.78,Y
T200,400,2025-01-31,1SSlmkB7gsD,WP-113820,GRADE_A,USD, 520.71 ,18,9372.78,Y
T200,401,2025-01-31,1SSlmkB7gsD,WP-113819,GRADE_A,USD, 520.71 ,18,9372.78,Y
T200,402,2025-01-31,1SSlmkB7gsD,WPP-3214803,GRADE_A,USD, 4.14 ,300,1242.00,Y
T200,403,2025-01-31,1SSlmkB7gsD,WPP-3114180,GRADE_A,USD, 4.69 ,1300,6097.00,Y
T200,404,2025-01-31,1SSlmkB7gsD,WPP-3300181,GRADE_A,USD, 0.68 ,1600,1088.00,Y
T200,405,2025-01-31,1SSlmkB7gsD,WPP-3200003,GRADE_A,USD, 0.46 ,200,92.00,Y
T200,406,2025-01-31,1SSlmkB7gsD,WPP-3103293,GRADE_A,USD, 0.19 ,4500,855.00,Y
T200,407,2025-01-31,1SSlmkB7gsD,WPP-3103300,GRADE_A,USD, 0.19 ,4200,798.00,Y
T200,408,2025-01-31,1SSlmkB7gsD,WPP-3301454,GRADE_A,USD, 0.29 ,3000,870.00,Y
T200,409,2025-01-31,1SSlmkB7gsD,WPP-3112488,GRADE_A,USD, 0.02 ,10000,200.00,Y
T200,410,2025-01-31,1SSlmkB7gsD,WPP-3000004,GRADE_A,USD, 0.01 ,10000,100.00,Y
T200,411,2025-01-31,1SSlmkB7gsD,WPP-3007266,GRADE_A,USD, 0.01 ,25000,250.00,Y
T200,412,2025-01-31,1SSlmkB7gsD,WPP-3304061,GRADE_A,USD, 0.01 ,15000,150.00,Y
T200,413,2025-01-31,1SSlmkB7gsD,WPP-3007265,GRADE_A,USD, 0.02 ,15000,300.00,Y
T200,414,2025-01-31,1SSlmkB7gsD,WPP-3000006,GRADE_A,USD, 0.05 ,2500,125.00,Y
T200,415,2025-01-31,1SSlmkB7gsD,WPP-3000588,GRADE_A,USD, 0.04 ,5000,200.00,Y
T200,416,2025-01-31,1SSlmkB7gsD,WPP-3223893,GRADE_A,USD, 0.57 ,1400,798.00,Y
T200,417,2025-01-31,1SSlmkB7gsD,WPP-3206250,GRADE_A,USD, 0.03 ,1000,30.00,Y
T200,418,2025-01-31,1SSlmkB7gsD,WPP-3302422,GRADE_A,USD, 0.19 ,50,9.50,Y
T200,419,2025-01-31,1SSlmkB7gsD,WPP-3007264,GRADE_A,USD, 0.01 ,2000,20.00,Y
T200,420,2025-01-31,1SSlmkB7gsD,WPF-113685,GRADE_A,USD, 2.61 ,50,130.50,Y
T200,421,2025-01-31,1SSlmkB7gsD,WPF-113686,GRADE_A,USD, 42.64 ,50,2132.00,Y
T200,422,2025-01-31,1SSlmkB7gsD,WPF-113689,GRADE_A,USD, 3.83 ,50,191.50,Y
T200,423,2025-01-31,1SSlmkB7gsD,WPP-3115483,GRADE_A,USD, 0.44 ,10,4.40,Y
T200,424,2025-01-31,1SSlmkB7gsD,WPP-3115851,GRADE_A,USD, 2.94 ,5,14.70,Y
T200,425,2025-01-31,1SSlmkB7gsD,WPP-3109833,GRADE_A,USD, 0.28 ,5,1.40,Y
T200,426,2025-01-31,1SSlmkB7gsD,WPP-3114580,GRADE_A,USD, 1.13 ,20,22.60,Y
T200,427,2025-01-31,1SSlmkB7gsD,WPP-3114581,GRADE_A,USD, 1.13 ,20,22.60,Y
T200,428,2025-01-31,1SSlmkB7gsD,WPP-3114576,GRADE_A,USD, 3.94 ,10,39.40,Y
T200,429,2025-01-31,1SSlmkB7gsD,WPP-3114515,GRADE_A,USD, 1.94 ,10,19.40,Y
T200,430,2025-01-31,1SSlmkB7gsD,WPP-3114516,GRADE_A,USD, 2.18 ,10,21.80,Y
T200,431,2025-01-31,1SSlmkB7gsD,WPP-3114517,GRADE_A,USD, 1.81 ,10,18.10,Y
T200,432,2025-01-31,1SSlmkB7gsD,WPP-3114518,GRADE_A,USD, 2.94 ,20,58.80,Y
T200,433,2025-01-31,1SSlmkB7gsD,WPP-3115618,GRADE_A,USD, 5.37 ,10,53.70,Y
T200,434,2025-01-31,1SSlmkB7gsD,WPP-3115488,GRADE_A,USD, 25.03 ,3,75.09,Y
T200,435,2025-01-31,1SSlmkB7gsD,WPP-3212800,GRADE_A,USD, 0.51 ,20,10.20,Y
T200,436,2025-01-31,1SSlmkB7gsD,WPP-3114527,GRADE_A,USD, 1.35 ,20,27.00,Y
T200,437,2025-01-31,1SSlmkB7gsD,WPP-3114528,GRADE_A,USD, 10.58 ,5,52.90,Y
T200,438,2025-01-31,1SSlmkB7gsD,WPP-3115489,GRADE_A,USD, 0.21 ,5,1.05,Y
T200,439,2025-01-31,1SSlmkB7gsD,WPP-3114555,GRADE_A,USD, 0.53 ,20,10.60,Y
T200,440,2025-01-31,1SSlmkB7gsD,WPP-3114532,GRADE_A,USD, 1.89 ,5,9.45,Y
T200,441,2025-01-31,1SSlmkB7gsD,WPP-3114533,GRADE_A,USD, 4.74 ,5,23.70,Y
T200,442,2025-01-31,1SSlmkB7gsD,WPP-3114534,GRADE_A,USD, 3.60 ,15,54.00,Y
T200,443,2025-01-31,1SSlmkB7gsD,WPP-3114535,GRADE_A,USD, 0.62 ,10,6.20,Y
T200,444,2025-01-31,1SSlmkB7gsD,WPP-3115490,GRADE_A,USD, 0.90 ,5,4.50,Y
T200,445,2025-01-31,1SSlmkB7gsD,WPP-3301869,GRADE_A,USD, 0.29 ,20,5.80,Y
T200,446,2025-01-31,1SSlmkB7gsD,WPP-3115338,GRADE_A,USD, 9.67 ,20,193.40,Y
T200,447,2025-01-31,1SSlmkB7gsD,WPP-3115853,GRADE_A,USD, 3.16 ,5,15.80,Y
T200,448,2025-01-31,1SSlmkB7gsD,WPP-3114542,GRADE_A,USD, 3.84 ,5,19.20,Y
T200,449,2025-01-31,1SSlmkB7gsD,WPP-3114574,GRADE_A,USD, 24.44 ,10,244.40,Y
T200,450,2025-01-31,1SSlmkB7gsD,WPP-3114572,GRADE_A,USD, 26.93 ,10,269.30,Y
T200,451,2025-01-31,1SSlmkB7gsD,WPP-3114551,GRADE_A,USD, 4.94 ,3,14.82,Y
T200,452,2025-01-31,1SSlmkB7gsD,WPP-3115287,GRADE_A,USD, 4.94 ,3,14.82,Y
T200,453,2025-01-31,1SSlmkB7gsD,WPP-3116196,GRADE_A,USD, 4.94 ,3,14.82,Y
T200,454,2025-01-31,1SSlmkB7gsD,WPP-3116197,GRADE_A,USD, 4.94 ,3,14.82,Y
T200,455,2025-01-31,1SSlmkB7gsD,WPP-3100961,GRADE_A,USD, 0.73 ,20,14.60,Y
T200,456,2025-01-31,1SSlmkB7gsD,WPP-3100960,GRADE_A,USD, 0.72 ,20,14.40,Y
T200,457,2025-01-31,1SSlmkB7gsD,WPP-3103750,GRADE_A,USD, 1.44 ,10,14.40,Y
T200,458,2025-01-31,1SSlmkB7gsD,WPP-3115854,GRADE_A,USD, 3.53 ,10,35.30,Y
T200,459,2025-01-31,1SSlmkB7gsD,WPP-3115855,GRADE_A,USD, 0.35 ,10,3.50,Y
T200,460,2025-01-31,1SSlmkB7gsD,WPP-3114541,GRADE_A,USD, 1.20 ,3,3.60,Y
T200,461,2025-01-31,1SSlmkB7gsD,WPP-3115392,GRADE_A,USD, 1.20 ,3,3.60,Y
T200,462,2025-01-31,1SSlmkB7gsD,WPP-3116172,GRADE_A,USD, 1.20 ,3,3.60,Y
T200,463,2025-01-31,1SSlmkB7gsD,WPP-3116174,GRADE_A,USD, 1.20 ,3,3.60,Y
T200,464,2025-01-31,1SSlmkB7gsD,WPP-3116225,GRADE_A,USD, 11.57 ,3,34.71,Y
T200,465,2025-01-31,1SSlmkB7gsD,WPP-3116163,GRADE_A,USD, 11.57 ,3,34.71,Y
T200,466,2025-01-31,1SSlmkB7gsD,WPP-3116167,GRADE_A,USD, 11.57 ,3,34.71,Y
T200,467,2025-01-31,1SSlmkB7gsD,WPP-3116168,GRADE_A,USD, 11.57 ,3,34.71,Y
T200,468,2025-01-31,1SSlmkB7gsD,WPP-3114546,GRADE_A,USD, 12.05 ,3,36.15,Y
T200,469,2025-01-31,1SSlmkB7gsD,WPP-3115279,GRADE_A,USD, 12.05 ,3,36.15,Y
T200,470,2025-01-31,1SSlmkB7gsD,WPP-3116175,GRADE_A,USD, 12.05 ,3,36.15,Y
T200,471,2025-01-31,1SSlmkB7gsD,WPP-3116176,GRADE_A,USD, 12.05 ,3,36.15,Y
T200,472,2025-01-31,1SSlmkB7gsD,WPP-3114547,GRADE_A,USD, 8.95 ,3,26.85,Y
T200,473,2025-01-31,1SSlmkB7gsD,WPP-3115281,GRADE_A,USD, 10.35 ,3,31.05,Y
T200,474,2025-01-31,1SSlmkB7gsD,WPP-3116178,GRADE_A,USD, 10.35 ,3,31.05,Y
T200,475,2025-01-31,1SSlmkB7gsD,WPP-3116183,GRADE_A,USD, 10.35 ,3,31.05,Y
T200,476,2025-01-31,1SSlmkB7gsD,WPP-3114549,GRADE_A,USD, 9.68 ,3,29.04,Y
T200,477,2025-01-31,1SSlmkB7gsD,WPP-3115283,GRADE_A,USD, 9.68 ,3,29.04,Y
T200,478,2025-01-31,1SSlmkB7gsD,WPP-3116191,GRADE_A,USD, 9.68 ,3,29.04,Y
T200,479,2025-01-31,1SSlmkB7gsD,WPP-3116192,GRADE_A,USD, 9.68 ,3,29.04,Y
T200,480,2025-01-31,1SSlmkB7gsD,WPP-3114550,GRADE_A,USD, 18.25 ,3,54.75,Y
T200,481,2025-01-31,1SSlmkB7gsD,WPP-3115285,GRADE_A,USD, 18.25 ,3,54.75,Y
T200,482,2025-01-31,1SSlmkB7gsD,WPP-3116193,GRADE_A,USD, 18.25 ,3,54.75,Y
T200,483,2025-01-31,1SSlmkB7gsD,WPP-3116194,GRADE_A,USD, 18.25 ,3,54.75,Y
T200,484,2025-01-31,1SSlmkB7gsD,WPP-3114552,GRADE_A,USD, 1.20 ,10,12.00,Y
T200,485,2025-01-31,1SSlmkB7gsD,WPP-3115289,GRADE_A,USD, 1.20 ,10,12.00,Y
T200,486,2025-01-31,1SSlmkB7gsD,WPP-3116198,GRADE_A,USD, 1.20 ,10,12.00,Y
T200,487,2025-01-31,1SSlmkB7gsD,WPP-3116199,GRADE_A,USD, 1.20 ,10,12.00,Y
T200,488,2025-01-31,1SSlmkB7gsD,WPP-3114108,GRADE_A,USD, 1.47 ,5,7.35,Y
T200,489,2025-01-31,1SSlmkB7gsD,WPP-3117012,GRADE_A,USD, 5.94 ,5,29.70,Y
T200,490,2025-01-31,1SSlmkB7gsD,WPP-3113639,GRADE_A,USD, 4.14 ,3,12.42,Y
T200,491,2025-01-31,1SSlmkB7gsD,WPP-3306112,GRADE_A,USD, 0.90 ,20,18.00,Y
T200,492,2025-01-31,1SSlmkB7gsD,WPP-3116969,GRADE_A,USD, 0.88 ,7,6.16,Y
T200,493,2025-01-31,1SSlmkB7gsD,WPP-3118919,GRADE_A,USD, 1.16 ,3,3.48,Y
T200,494,2025-01-31,1SSlmkB7gsD,WPP-3117646,GRADE_A,USD, 3.90 ,5,19.50,Y
T200,495,2025-01-31,1SSlmkB7gsD,WPP-3118921,GRADE_A,USD, 3.99 ,3,11.97,Y
T200,496,2025-01-31,1SSlmkB7gsD,WPP-3118922,GRADE_A,USD, 0.71 ,3,2.13,Y
T200,497,2025-01-31,1SSlmkB7gsD,WPP-3111501,GRADE_A,USD, 1.17 ,30,35.10,Y
T200,498,2025-01-31,1SSlmkB7gsD,WPF-114016,GRADE_A,USD, 10.00 ,20,200.00,Y
T200,499,2025-01-31,1SSlmkB7gsD,WPP-3116710,GRADE_A,USD, 0.44 ,10,4.40,Y
T200,500,2025-01-31,1SSlmkB7gsD,WPP-3117064,GRADE_A,USD, 4.88 ,5,24.40,Y
T200,501,2025-01-31,1SSlmkB7gsD,WPP-3114579,GRADE_A,USD, 1.31 ,30,39.30,Y
T200,502,2025-01-31,1SSlmkB7gsD,WPP-3117066,GRADE_A,USD, 0.09 ,10,0.90,Y
T200,503,2025-01-31,1SSlmkB7gsD,WPP-3117121,GRADE_A,USD, 4.51 ,5,22.55,Y
T200,504,2025-01-31,1SSlmkB7gsD,WPP-3117122,GRADE_A,USD, 4.46 ,5,22.30,Y
T200,505,2025-01-31,1SSlmkB7gsD,WPP-3117123,GRADE_A,USD, 4.41 ,5,22.05,Y
T200,506,2025-01-31,1SSlmkB7gsD,WPP-3117067,GRADE_A,USD, 9.73 ,5,48.65,Y
T200,507,2025-01-31,1SSlmkB7gsD,WPP-3117068,GRADE_A,USD, 22.06 ,2,44.12,Y
T200,508,2025-01-31,1SSlmkB7gsD,WPP-3117069,GRADE_A,USD, 22.06 ,2,44.12,Y
T200,509,2025-01-31,1SSlmkB7gsD,WPP-3116177,GRADE_A,USD, 5.49 ,10,54.90,Y
T200,510,2025-01-31,1SSlmkB7gsD,WPP-3116157,GRADE_A,USD, 15.11 ,10,151.10,Y
T200,511,2025-01-31,1SSlmkB7gsD,WPP-3117070,GRADE_A,USD, 0.30 ,1,0.30,Y
T200,512,2025-01-31,1SSlmkB7gsD,WPP-3116162,GRADE_A,USD, 9.50 ,10,95.00,Y
T200,513,2025-01-31,1SSlmkB7gsD,WPP-3113677,GRADE_A,USD, 4.67 ,10,46.70,Y
T200,514,2025-01-31,1SSlmkB7gsD,WPP-3116272,GRADE_A,USD, 5.50 ,10,55.00,Y
T200,515,2025-01-31,1SSlmkB7gsD,WPP-3117071,GRADE_A,USD, 6.27 ,10,62.70,Y
T200,516,2025-01-31,1SSlmkB7gsD,WPP-3117073,GRADE_A,USD, 3.29 ,10,32.90,Y
T200,517,2025-01-31,1SSlmkB7gsD,WPP-3117124,GRADE_A,USD, 41.13 ,2,82.26,Y
T200,518,2025-01-31,1SSlmkB7gsD,WPP-3115773,GRADE_A,USD, 0.94 ,15,14.10,Y
T200,519,2025-01-31,1SSlmkB7gsD,WPP-3117074,GRADE_A,USD, 0.60 ,20,12.00,Y
T200,520,2025-01-31,1SSlmkB7gsD,WPP-3117075,GRADE_A,USD, 7.71 ,4,30.84,Y
T200,521,2025-01-31,1SSlmkB7gsD,WPP-3117076,GRADE_A,USD, 0.71 ,10,7.10,Y
T200,522,2025-01-31,1SSlmkB7gsD,WPP-3117077,GRADE_A,USD, 0.69 ,10,6.90,Y
T200,523,2025-01-31,1SSlmkB7gsD,WPP-3117078,GRADE_A,USD, 0.62 ,10,6.20,Y
T200,524,2025-01-31,1SSlmkB7gsD,WPP-3116088,GRADE_A,USD, 15.77 ,10,157.70,Y
T200,525,2025-01-31,1SSlmkB7gsD,WPP-3116156,GRADE_A,USD, 12.39 ,10,123.90,Y
T200,526,2025-01-31,1SSlmkB7gsD,WPP-3116092,GRADE_A,USD, 4.17 ,10,41.70,Y
T200,527,2025-01-31,1SSlmkB7gsD,WPP-3117082,GRADE_A,USD, 0.50 ,5,2.50,Y
T200,528,2025-01-31,1SSlmkB7gsD,WPP-3116117,GRADE_A,USD, 5.21 ,10,52.10,Y
T200,529,2025-01-31,1SSlmkB7gsD,WPP-3117083,GRADE_A,USD, 0.75 ,2,1.50,Y
T200,530,2025-01-31,1SSlmkB7gsD,WPP-3117084,GRADE_A,USD, 3.47 ,2,6.94,Y
T200,531,2025-01-31,1SSlmkB7gsD,WPP-3117089,GRADE_A,USD, 11.96 ,10,119.60,Y
T200,532,2025-01-31,1SSlmkB7gsD,WPP-3117090,GRADE_A,USD, 26.51 ,3,79.53,Y
T200,533,2025-01-31,1SSlmkB7gsD,WPP-3117091,GRADE_A,USD, 19.09 ,10,190.90,Y
T200,534,2025-01-31,1SSlmkB7gsD,WPP-3117092,GRADE_A,USD, 25.05 ,10,250.50,Y
T200,535,2025-01-31,1SSlmkB7gsD,WPP-3117093,GRADE_A,USD, 3.17 ,3,9.51,Y
T200,536,2025-01-31,1SSlmkB7gsD,WPP-3117094,GRADE_A,USD, 5.63 ,10,56.30,Y
T200,537,2025-01-31,1SSlmkB7gsD,WPP-3117095,GRADE_A,USD, 1.32 ,1,1.32,Y
T200,538,2025-01-31,1SSlmkB7gsD,WPP-3117557,GRADE_A,USD, 18.06 ,15,270.90,Y
T200,539,2025-01-31,1SSlmkB7gsD,WPP-3117096,GRADE_A,USD, 4.67 ,10,46.70,Y
T200,540,2025-01-31,1SSlmkB7gsD,WPP-3117097,GRADE_A,USD, 3.80 ,10,38.00,Y
T200,541,2025-01-31,1SSlmkB7gsD,WPP-3117098,GRADE_A,USD, 3.25 ,2,6.50,Y
T200,542,2025-01-31,1SSlmkB7gsD,WPP-3117099,GRADE_A,USD, 3.25 ,2,6.50,Y
T200,543,2025-01-31,1SSlmkB7gsD,WPP-3117100,GRADE_A,USD, 4.49 ,2,8.98,Y
T200,544,2025-01-31,1SSlmkB7gsD,WPP-3117101,GRADE_A,USD, 4.51 ,2,9.02,Y
T200,545,2025-01-31,1SSlmkB7gsD,WPP-3117102,GRADE_A,USD, 4.06 ,2,8.12,Y
T200,546,2025-01-31,1SSlmkB7gsD,WPP-3117103,GRADE_A,USD, 4.08 ,2,8.16,Y
T200,547,2025-01-31,1SSlmkB7gsD,WPP-3117104,GRADE_A,USD, 10.82 ,2,21.64,Y
T200,548,2025-01-31,1SSlmkB7gsD,WPP-3117105,GRADE_A,USD, 10.82 ,2,21.64,Y
T200,549,2025-01-31,1SSlmkB7gsD,WPP-3117106,GRADE_A,USD, 28.31 ,2,56.62,Y
T200,550,2025-01-31,1SSlmkB7gsD,WPP-3117107,GRADE_A,USD, 28.31 ,2,56.62,Y
T200,551,2025-01-31,1SSlmkB7gsD,WPP-3117108,GRADE_A,USD, 32.59 ,10,325.90,Y
T200,552,2025-01-31,1SSlmkB7gsD,WPP-3113928,GRADE_A,USD, 1.57 ,10,15.70,Y
T200,553,2025-01-31,1SSlmkB7gsD,WPP-3117109,GRADE_A,USD, 14.20 ,2,28.40,Y
T200,554,2025-01-31,1SSlmkB7gsD,WPP-3117110,GRADE_A,USD, 14.20 ,2,28.40,Y
T200,555,2025-01-31,1SSlmkB7gsD,WPP-3117111,GRADE_A,USD, 16.08 ,2,32.16,Y
T200,556,2025-01-31,1SSlmkB7gsD,WPP-3117112,GRADE_A,USD, 16.06 ,2,32.12,Y
T200,557,2025-01-31,1SSlmkB7gsD,WPP-3117113,GRADE_A,USD, 12.12 ,2,24.24,Y
T200,558,2025-01-31,1SSlmkB7gsD,WPP-3117114,GRADE_A,USD, 12.28 ,2,24.56,Y
T200,559,2025-01-31,1SSlmkB7gsD,WPP-3117115,GRADE_A,USD, 2.49 ,10,24.90,Y
T200,560,2025-01-31,1SSlmkB7gsD,WPP-3117116,GRADE_A,USD, 2.49 ,10,24.90,Y
T200,561,2025-01-31,1SSlmkB7gsD,WPP-3117117,GRADE_A,USD, 11.71 ,5,58.55,Y
T200,562,2025-01-31,1SSlmkB7gsD,WPP-3100092,GRADE_A,USD, 0.72 ,10,7.20,Y
T200,563,2025-01-31,1SSlmkB7gsD,WPP-3100101,GRADE_A,USD, 0.78 ,10,7.80,Y
T200,564,2025-01-31,1SSlmkB7gsD,WPP-3117118,GRADE_A,USD, 2.23 ,2,4.46,Y
T200,565,2025-01-31,1SSlmkB7gsD,WPP-3119591,GRADE_A,USD, 4.77 ,5,23.85,Y
T200,566,2025-01-31,1SSlmkB7gsD,WPP-3117926,GRADE_A,USD, 1.15 ,5,5.75,Y
T200,567,2025-01-31,1SSlmkB7gsD,WPP-3117929,GRADE_A,USD, 1.15 ,5,5.75,Y
T200,568,2025-01-31,1SSlmkB7gsD,WPP-3115632,GRADE_A,USD, 0.62 ,10,6.20,Y
T200,569,2025-01-31,1SSlmkB7gsD,WPP-3117930,GRADE_A,USD, 0.65 ,10,6.50,Y
T200,570,2025-01-31,1SSlmkB7gsD,WPP-3117931,GRADE_A,USD, 3.29 ,5,16.45,Y
T200,571,2025-01-31,1SSlmkB7gsD,WPP-3118815,GRADE_A,USD, 1.00 ,5,5.00,Y
T200,572,2025-01-31,1SSlmkB7gsD,WPP-3118822,GRADE_A,USD, 2.56 ,5,12.80,Y
T200,573,2025-01-31,1SSlmkB7gsD,WPP-3118824,GRADE_A,USD, 2.56 ,5,12.80,Y
T200,574,2025-01-31,1SSlmkB7gsD,WPP-3119965,GRADE_A,USD, 4.69 ,5,23.45,Y
T200,575,2025-01-31,1SSlmkB7gsD,WPF-113971,GRADE_A,USD, 2.61 ,25,65.25,Y
T200,576,2025-01-31,1SSlmkB7gsD,WPF-113973,GRADE_A,USD, 8.86 ,25,221.50,Y
T200,577,2025-01-31,1SSlmkB7gsD,WPF-113974,GRADE_A,USD, 1.86 ,25,46.50,Y
T200,578,2025-01-31,1SSlmkB7gsD,WPP-3115744,GRADE_A,USD, 144.81 ,2,289.62,Y
T200,579,2025-01-31,1SSlmkB7gsD,WPP-3116376,GRADE_A,USD, 144.81 ,2,289.62,Y
T200,580,2025-01-31,1SSlmkB7gsD,WPP-3116377,GRADE_A,USD, 144.81 ,2,289.62,Y
T200,581,2025-01-31,1SSlmkB7gsD,WPP-3116378,GRADE_A,USD, 144.81 ,2,289.62,Y
T200,582,2025-01-31,1SSlmkB7gsD,WPP-3115945,GRADE_A,USD, 1.95 ,6,11.70,Y
T200,583,2025-01-31,1SSlmkB7gsD,WPP-3116550,GRADE_A,USD, 1.95 ,6,11.70,Y
T200,584,2025-01-31,1SSlmkB7gsD,WPP-3116551,GRADE_A,USD, 1.95 ,6,11.70,Y
T200,585,2025-01-31,1SSlmkB7gsD,WPP-3116552,GRADE_A,USD, 1.95 ,6,11.70,Y
T200,586,2025-01-31,1SSlmkB7gsD,WPP-3115947,GRADE_A,USD, 2.38 ,10,23.80,Y
T200,587,2025-01-31,1SSlmkB7gsD,WPP-3115953,GRADE_A,USD, 0.35 ,6,2.10,Y
T200,588,2025-01-31,1SSlmkB7gsD,WPP-3116563,GRADE_A,USD, 0.35 ,6,2.10,Y
T200,589,2025-01-31,1SSlmkB7gsD,WPP-3116564,GRADE_A,USD, 0.35 ,6,2.10,Y
T200,590,2025-01-31,1SSlmkB7gsD,WPP-3116565,GRADE_A,USD, 0.35 ,6,2.10,Y
T200,591,2025-01-31,1SSlmkB7gsD,WPP-3115745,GRADE_A,USD, 10.51 ,20,210.20,Y
T200,592,2025-01-31,1SSlmkB7gsD,WPP-3115746,GRADE_A,USD, 2.79 ,10,27.90,Y
T200,593,2025-01-31,1SSlmkB7gsD,WPP-3115747,GRADE_A,USD, 5.05 ,20,101.00,Y
T200,594,2025-01-31,1SSlmkB7gsD,WPP-3110757,GRADE_A,USD, 3.91 ,15,58.65,Y
T200,595,2025-01-31,1SSlmkB7gsD,WPP-3117125,GRADE_A,USD, 0.46 ,5,2.30,Y
T200,596,2025-01-31,1SSlmkB7gsD,WPP-3115938,GRADE_A,USD, 3.74 ,3,11.22,Y
T200,597,2025-01-31,1SSlmkB7gsD,WPP-3110075,GRADE_A,USD, 0.98 ,10,9.80,Y
T200,598,2025-01-31,1SSlmkB7gsD,WPP-3115748,GRADE_A,USD, 19.94 ,1,19.94,Y
T200,599,2025-01-31,1SSlmkB7gsD,WPP-3117126,GRADE_A,USD, 2.38 ,5,11.90,Y
T200,600,2025-01-31,1SSlmkB7gsD,WPP-3104607,GRADE_A,USD, 1.08 ,5,5.40,Y
T200,601,2025-01-31,1SSlmkB7gsD,WPP-3115875,GRADE_A,USD, 2.93 ,5,14.65,Y
T200,602,2025-01-31,1SSlmkB7gsD,WPP-3115749,GRADE_A,USD, 2.82 ,5,14.10,Y
T200,603,2025-01-31,1SSlmkB7gsD,WPP-3107637,GRADE_A,USD, 3.24 ,5,16.20,Y
T200,604,2025-01-31,1SSlmkB7gsD,WPP-3119372,GRADE_A,USD, 2.83 ,5,14.15,Y
T200,605,2025-01-31,1SSlmkB7gsD,WPP-3117127,GRADE_A,USD, 1.66 ,1,1.66,Y
T200,606,2025-01-31,1SSlmkB7gsD,WPP-3115879,GRADE_A,USD, 40.96 ,5,204.80,Y
T200,607,2025-01-31,1SSlmkB7gsD,WPP-3115751,GRADE_A,USD, 0.21 ,1,0.21,Y
T200,608,2025-01-31,1SSlmkB7gsD,WPP-3115753,GRADE_A,USD, 0.22 ,1,0.22,Y
T200,609,2025-01-31,1SSlmkB7gsD,WPP-3117129,GRADE_A,USD, 1.36 ,20,27.20,Y
T200,610,2025-01-31,1SSlmkB7gsD,WPP-3117135,GRADE_A,USD, 1.15 ,10,11.50,Y
T200,611,2025-01-31,1SSlmkB7gsD,WPP-3115774,GRADE_A,USD, 27.14 ,2,54.28,Y
T200,612,2025-01-31,1SSlmkB7gsD,WPP-3103098,GRADE_A,USD, 0.66 ,20,13.20,Y
T200,613,2025-01-31,1SSlmkB7gsD,WPP-3213388,GRADE_A,USD, 0.90 ,5,4.50,Y
T200,614,2025-01-31,1SSlmkB7gsD,WPP-3117136,GRADE_A,USD, 2.26 ,5,11.30,Y
T200,615,2025-01-31,1SSlmkB7gsD,WPP-3115776,GRADE_A,USD, 5.30 ,5,26.50,Y
T200,616,2025-01-31,1SSlmkB7gsD,WPP-3115777,GRADE_A,USD, 3.06 ,5,15.30,Y
T200,617,2025-01-31,1SSlmkB7gsD,WPP-3117138,GRADE_A,USD, 11.88 ,3,35.64,Y
T200,618,2025-01-31,1SSlmkB7gsD,WPP-3115790,GRADE_A,USD, 2.94 ,5,14.70,Y
T200,619,2025-01-31,1SSlmkB7gsD,WPP-3115797,GRADE_A,USD, 2.83 ,5,14.15,Y
T200,620,2025-01-31,1SSlmkB7gsD,WPP-3115799,GRADE_A,USD, 3.35 ,5,16.75,Y
T200,621,2025-01-31,1SSlmkB7gsD,WPP-3115802,GRADE_A,USD, 0.97 ,10,9.70,Y
T200,622,2025-01-31,1SSlmkB7gsD,WPP-3113516,GRADE_A,USD, 0.68 ,3,2.04,Y
T200,623,2025-01-31,1SSlmkB7gsD,WPP-3115803,GRADE_A,USD, 0.11 ,5,0.55,Y
T200,624,2025-01-31,1SSlmkB7gsD,WPP-3115827,GRADE_A,USD, 0.11 ,5,0.55,Y
T200,625,2025-01-31,1SSlmkB7gsD,WPP-3117556,GRADE_A,USD, 0.46 ,5,2.30,Y
T200,626,2025-01-31,1SSlmkB7gsD,WPP-3115801,GRADE_A,USD, 3.87 ,5,19.35,Y
T200,627,2025-01-31,1SSlmkB7gsD,WPP-3115880,GRADE_A,USD, 3.43 ,5,17.15,Y
T200,628,2025-01-31,1SSlmkB7gsD,WPP-3115881,GRADE_A,USD, 3.43 ,5,17.15,Y
T200,629,2025-01-31,1SSlmkB7gsD,WPP-3115806,GRADE_A,USD, 0.77 ,3,2.31,Y
T200,630,2025-01-31,1SSlmkB7gsD,WPP-3115810,GRADE_A,USD, 19.70 ,10,197.00,Y
T200,631,2025-01-31,1SSlmkB7gsD,WPP-3115812,GRADE_A,USD, 11.05 ,10,110.50,Y
T200,632,2025-01-31,1SSlmkB7gsD,WPP-3117558,GRADE_A,USD, 35.52 ,20,710.40,Y
T200,633,2025-01-31,1SSlmkB7gsD,WPP-3117559,GRADE_A,USD, 3.64 ,3,10.92,Y
T200,634,2025-01-31,1SSlmkB7gsD,WPP-3115821,GRADE_A,USD, 4.29 ,3,12.87,Y
T200,635,2025-01-31,1SSlmkB7gsD,WPP-3117561,GRADE_A,USD, 1.22 ,10,12.20,Y
T200,636,2025-01-31,1SSlmkB7gsD,WPP-3115822,GRADE_A,USD, 10.31 ,3,30.93,Y
T200,637,2025-01-31,1SSlmkB7gsD,WPP-3115823,GRADE_A,USD, 4.83 ,3,14.49,Y
T200,638,2025-01-31,1SSlmkB7gsD,WPP-3115824,GRADE_A,USD, 7.38 ,3,22.14,Y
T200,639,2025-01-31,1SSlmkB7gsD,WPP-3115825,GRADE_A,USD, 4.71 ,3,14.13,Y
T200,640,2025-01-31,1SSlmkB7gsD,WPP-3115826,GRADE_A,USD, 13.74 ,3,41.22,Y
T200,641,2025-01-31,1SSlmkB7gsD,WPP-3117562,GRADE_A,USD, 133.08 ,3,399.24,Y
T200,642,2025-01-31,1SSlmkB7gsD,WPP-3117563,GRADE_A,USD, 133.08 ,3,399.24,Y
T200,643,2025-01-31,1SSlmkB7gsD,WPP-3117575,GRADE_A,USD, 3.74 ,3,11.22,Y
T200,644,2025-01-31,1SSlmkB7gsD,WPP-3117576,GRADE_A,USD, 39.83 ,2,79.66,Y
T200,645,2025-01-31,1SSlmkB7gsD,WPP-3118814,GRADE_A,USD, 0.55 ,20,11.00,Y
T200,646,2025-01-31,1SSlmkB7gsD,WPP-3301443,GRADE_A,USD, 0.75 ,5,3.75,Y
T200,647,2025-01-31,1SSlmkB7gsD,WPP-3117577,GRADE_A,USD, 2.45 ,20,49.00,Y
T200,648,2025-01-31,1SSlmkB7gsD,WPP-3117578,GRADE_A,USD, 3.80 ,5,19.00,Y
T200,649,2025-01-31,1SSlmkB7gsD,WPP-3117579,GRADE_A,USD, 22.40 ,5,112.00,Y
T200,650,2025-01-31,1SSlmkB7gsD,WPP-3117580,GRADE_A,USD, 5.57 ,5,27.85,Y
T200,651,2025-01-31,1SSlmkB7gsD,WPP-3117582,GRADE_A,USD, 3.27 ,2,6.54,Y
T200,652,2025-01-31,1SSlmkB7gsD,WPP-3117583,GRADE_A,USD, 2.53 ,3,7.59,Y
T200,653,2025-01-31,1SSlmkB7gsD,WPP-3117584,GRADE_A,USD, 10.78 ,3,32.34,Y
T200,654,2025-01-31,1SSlmkB7gsD,WPP-3117585,GRADE_A,USD, 4.83 ,3,14.49,Y
T200,655,2025-01-31,1SSlmkB7gsD,WPP-3117586,GRADE_A,USD, 3.60 ,3,10.80,Y
T200,656,2025-01-31,1SSlmkB7gsD,WPP-3118783,GRADE_A,USD, 14.40 ,3,43.20,Y
T200,657,2025-01-31,1SSlmkB7gsD,WPP-3118784,GRADE_A,USD, 14.40 ,3,43.20,Y
T200,658,2025-01-31,1SSlmkB7gsD,WPP-3116850,GRADE_A,USD, 3.36 ,3,10.08,Y
T200,659,2025-01-31,1SSlmkB7gsD,WPP-3116900,GRADE_A,USD, 3.36 ,3,10.08,Y
T200,660,2025-01-31,1SSlmkB7gsD,WPP-3116851,GRADE_A,USD, 4.82 ,3,14.46,Y
T200,661,2025-01-31,1SSlmkB7gsD,WPP-3116853,GRADE_A,USD, 45.92 ,5,229.60,Y
T200,662,2025-01-31,1SSlmkB7gsD,WPP-3116854,GRADE_A,USD, 6.43 ,2,12.86,Y
T200,663,2025-01-31,1SSlmkB7gsD,WPP-3116880,GRADE_A,USD, 35.42 ,10,354.20,Y
T200,664,2025-01-31,1SSlmkB7gsD,WPP-3116858,GRADE_A,USD, 3.33 ,1,3.33,Y
T200,665,2025-01-31,1SSlmkB7gsD,WPP-3112467,GRADE_A,USD, 3.26 ,5,16.30,Y
T200,666,2025-01-31,1SSlmkB7gsD,WPP-3116857,GRADE_A,USD, 5.08 ,5,25.40,Y
T200,667,2025-01-31,1SSlmkB7gsD,WPP-3112473,GRADE_A,USD, 3.11 ,10,31.10,Y
T200,668,2025-01-31,1SSlmkB7gsD,WPP-3116901,GRADE_A,USD, 2.62 ,10,26.20,Y
T200,669,2025-01-31,1SSlmkB7gsD,WPP-3116935,GRADE_A,USD, 2.61 ,10,26.10,Y
T200,670,2025-01-31,1SSlmkB7gsD,WPP-3112477,GRADE_A,USD, 6.57 ,10,65.70,Y
T200,671,2025-01-31,1SSlmkB7gsD,WPP-3112481,GRADE_A,USD, 1.75 ,10,17.50,Y
T200,672,2025-01-31,1SSlmkB7gsD,WPP-3117774,GRADE_A,USD, 11.01 ,10,110.10,Y
T200,673,2025-01-31,1SSlmkB7gsD,WPP-3116860,GRADE_A,USD, 1.58 ,3,4.74,Y
T200,674,2025-01-31,1SSlmkB7gsD,WPP-3116867,GRADE_A,USD, 2.07 ,3,6.21,Y
T200,675,2025-01-31,1SSlmkB7gsD,WPP-3116889,GRADE_A,USD, 7.32 ,3,21.96,Y
T200,676,2025-01-31,1SSlmkB7gsD,WPP-3116896,GRADE_A,USD, 7.32 ,3,21.96,Y
T200,677,2025-01-31,1SSlmkB7gsD,WPP-3116898,GRADE_A,USD, 7.44 ,3,22.32,Y
T200,678,2025-01-31,1SSlmkB7gsD,WPP-3116870,GRADE_A,USD, 2.10 ,3,6.30,Y
T200,679,2025-01-31,1SSlmkB7gsD,WPP-3116890,GRADE_A,USD, 7.35 ,3,22.05,Y
T200,680,2025-01-31,1SSlmkB7gsD,WPP-3116897,GRADE_A,USD, 7.35 ,3,22.05,Y
T200,681,2025-01-31,1SSlmkB7gsD,WPP-3116899,GRADE_A,USD, 7.46 ,3,22.38,Y
T200,682,2025-01-31,1SSlmkB7gsD,WPP-3116872,GRADE_A,USD, 2.35 ,3,7.05,Y
T200,683,2025-01-31,1SSlmkB7gsD,WPP-3116891,GRADE_A,USD, 2.35 ,3,7.05,Y
T200,684,2025-01-31,1SSlmkB7gsD,WPP-3116902,GRADE_A,USD, 2.37 ,3,7.11,Y
T200,685,2025-01-31,1SSlmkB7gsD,WPP-3116903,GRADE_A,USD, 2.37 ,3,7.11,Y
T200,686,2025-01-31,1SSlmkB7gsD,WPP-3118450,GRADE_A,USD, 11.39 ,3,34.17,Y
T200,687,2025-01-31,1SSlmkB7gsD,WPP-3116923,GRADE_A,USD, 11.34 ,3,34.02,Y
T200,688,2025-01-31,1SSlmkB7gsD,WPP-3116940,GRADE_A,USD, 11.29 ,3,33.87,Y
T200,689,2025-01-31,1SSlmkB7gsD,WPP-3116942,GRADE_A,USD, 11.39 ,3,34.17,Y
T200,690,2025-01-31,1SSlmkB7gsD,WPP-3116865,GRADE_A,USD, 31.72 ,5,158.60,Y
T200,691,2025-01-31,1SSlmkB7gsD,WPP-3116925,GRADE_A,USD, 31.72 ,5,158.60,Y
T200,692,2025-01-31,1SSlmkB7gsD,WPP-3116944,GRADE_A,USD, 31.72 ,5,158.60,Y
T200,693,2025-01-31,1SSlmkB7gsD,WPP-3116946,GRADE_A,USD, 31.72 ,5,158.60,Y
T200,694,2025-01-31,1SSlmkB7gsD,WPP-3117814,GRADE_A,USD, 17.03 ,5,85.15,Y
T200,695,2025-01-31,1SSlmkB7gsD,WPP-3118451,GRADE_A,USD, 14.12 ,5,70.60,Y
T200,696,2025-01-31,1SSlmkB7gsD,WPP-3116936,GRADE_A,USD, 14.12 ,5,70.60,Y
T200,697,2025-01-31,1SSlmkB7gsD,WPP-3116894,GRADE_A,USD, 14.12 ,5,70.60,Y
T200,698,2025-01-31,1SSlmkB7gsD,WPP-3116895,GRADE_A,USD, 14.12 ,5,70.60,Y
T200,699,2025-01-31,1SSlmkB7gsD,WPP-3117624,GRADE_A,USD, 7.17 ,3,21.51,Y
T200,700,2025-01-31,1SSlmkB7gsD,WPP-3116938,GRADE_A,USD, 7.16 ,3,21.48,Y
T200,701,2025-01-31,1SSlmkB7gsD,WPP-3116947,GRADE_A,USD, 7.11 ,3,21.33,Y
T200,702,2025-01-31,1SSlmkB7gsD,WPP-3116948,GRADE_A,USD, 7.11 ,3,21.33,Y
T200,703,2025-01-31,1SSlmkB7gsD,WPP-3116874,GRADE_A,USD, 1.43 ,10,14.30,Y
T200,704,2025-01-31,1SSlmkB7gsD,WPP-3116939,GRADE_A,USD, 1.44 ,10,14.40,Y
T200,705,2025-01-31,1SSlmkB7gsD,WPP-3116920,GRADE_A,USD, 1.41 ,10,14.10,Y
T200,706,2025-01-31,1SSlmkB7gsD,WPP-3116922,GRADE_A,USD, 1.41 ,10,14.10,Y
T200,707,2025-01-31,1SSlmkB7gsD,WPP-3112486,GRADE_A,USD, 2.36 ,5,11.80,Y
T200,708,2025-01-31,1SSlmkB7gsD,WPP-3116871,GRADE_A,USD, 0.67 ,2,1.34,Y
T200,709,2025-01-31,1SSlmkB7gsD,WPP-3112475,GRADE_A,USD, 1.51 ,1,1.51,Y
T200,710,2025-01-31,1SSlmkB7gsD,WPP-3112456,GRADE_A,USD, 0.13 ,5,0.65,Y
T200,711,2025-01-31,1SSlmkB7gsD,WPP-3117139,GRADE_A,USD, 1.24 ,10,12.40,Y
T200,712,2025-01-31,1SSlmkB7gsD,WPP-3119604,GRADE_A,USD, 0.67 ,4,2.68,Y
T200,713,2025-01-31,1SSlmkB7gsD,WPP-3304567,GRADE_A,USD, 1.56 ,10,15.60,Y
T200,714,2025-01-31,1SSlmkB7gsD,WPP-3104344,GRADE_A,USD, 3.34 ,3,10.02,Y
T200,715,2025-01-31,1SSlmkB7gsD,WPP-3117772,GRADE_A,USD, 7.68 ,5,38.40,Y
T200,716,2025-01-31,1SSlmkB7gsD,WPP-3112783,GRADE_A,USD, 2.75 ,5,13.75,Y
T200,717,2025-01-31,1SSlmkB7gsD,WPP-3104366,GRADE_A,USD, 0.68 ,2,1.36,Y
T200,718,2025-01-31,1SSlmkB7gsD,WPP-3116968,GRADE_A,USD, 0.80 ,2,1.60,Y
T200,719,2025-01-31,1SSlmkB7gsD,WPP-3116967,GRADE_A,USD, 0.52 ,2,1.04,Y
T200,720,2025-01-31,1SSlmkB7gsD,WPP-3116971,GRADE_A,USD, 0.26 ,5,1.30,Y
T200,721,2025-01-31,1SSlmkB7gsD,WPP-3116852,GRADE_A,USD, 74.97 ,3,224.91,Y
T200,722,2025-01-31,1SSlmkB7gsD,WPP-3116941,GRADE_A,USD, 1.25 ,30,37.50,Y
T200,723,2025-01-31,1SSlmkB7gsD,WPP-3111692,GRADE_A,USD, 23.92 ,5,119.60,Y
T200,724,2025-01-31,1SSlmkB7gsD,WPP-3117185,GRADE_A,USD, 0.24 ,10,2.40,Y
T200,725,2025-01-31,1SSlmkB7gsD,WPP-3118449,GRADE_A,USD, 2.47 ,3,7.41,Y
T200,726,2025-01-31,1SSlmkB7gsD,WPP-3116446,GRADE_A,USD, 2.43 ,10,24.30,Y
T200,727,2025-01-31,1SSlmkB7gsD,WPP-3119190,GRADE_A,USD, 0.39 ,3,1.17,Y
T200,728,2025-01-31,1SSlmkB7gsD,WPP-3119193,GRADE_A,USD, 3.42 ,3,10.26,Y
T200,729,2025-01-31,1SSlmkB7gsD,WPP-3119194,GRADE_A,USD, 0.08 ,6,0.48,Y
T200,730,2025-01-31,1SSlmkB7gsD,WPP-3119195,GRADE_A,USD, 0.34 ,3,1.02,Y
T200,731,2025-01-31,1SSlmkB7gsD,WPP-3119196,GRADE_A,USD, 15.64 ,1,15.64,Y
T200,732,2025-01-31,1SSlmkB7gsD,WPP-3119198,GRADE_A,USD, 2.52 ,3,7.56,Y
T200,733,2025-01-31,1SSlmkB7gsD,WPP-3107013,GRADE_A,USD, 3.53 ,5,17.65,Y
T200,734,2025-01-31,1SSlmkB7gsD,WPP-3114575,GRADE_A,USD, 9.67 ,3,29.01,Y
T200,735,2025-01-31,1SSlmkB7gsD,WPP-3119200,GRADE_A,USD, 6.54 ,3,19.62,Y
T200,736,2025-01-31,1SSlmkB7gsD,WPP-3119203,GRADE_A,USD, 2.95 ,5,14.75,Y
T200,737,2025-01-31,1SSlmkB7gsD,WPP-3119204,GRADE_A,USD, 3.48 ,3,10.44,Y
T200,738,2025-01-31,1SSlmkB7gsD,WPP-3119205,GRADE_A,USD, 2.98 ,3,8.94,Y
T200,739,2025-01-31,1SSlmkB7gsD,WPP-3119206,GRADE_A,USD, 9.72 ,5,48.60,Y
T200,740,2025-01-31,1SSlmkB7gsD,WPP-3119207,GRADE_A,USD, 3.37 ,5,16.85,Y
T200,741,2025-01-31,1SSlmkB7gsD,WPP-3119208,GRADE_A,USD, 5.44 ,5,27.20,Y
T200,742,2025-01-31,1SSlmkB7gsD,WPP-3119209,GRADE_A,USD, 31.67 ,2,63.34,Y
T200,743,2025-01-31,1SSlmkB7gsD,WPP-3119210,GRADE_A,USD, 0.38 ,5,1.90,Y
T200,744,2025-01-31,1SSlmkB7gsD,WPP-3119211,GRADE_A,USD, 0.38 ,5,1.90,Y
T200,745,2025-01-31,1SSlmkB7gsD,WPP-3119212,GRADE_A,USD, 13.43 ,10,134.30,Y
T200,746,2025-01-31,1SSlmkB7gsD,WPP-3119213,GRADE_A,USD, 11.11 ,10,111.10,Y
T200,747,2025-01-31,1SSlmkB7gsD,WPP-3119214,GRADE_A,USD, 2.24 ,3,6.72,Y
T200,748,2025-01-31,1SSlmkB7gsD,WPP-3119215,GRADE_A,USD, 24.16 ,3,72.48,Y
T200,749,2025-01-31,1SSlmkB7gsD,WPP-3119216,GRADE_A,USD, 10.41 ,3,31.23,Y
T200,750,2025-01-31,1SSlmkB7gsD,WPP-3119217,GRADE_A,USD, 3.38 ,3,10.14,Y
T200,751,2025-01-31,1SSlmkB7gsD,WPP-3119218,GRADE_A,USD, 4.12 ,3,12.36,Y
T200,752,2025-01-31,1SSlmkB7gsD,WPP-3119219,GRADE_A,USD, 4.17 ,3,12.51,Y
T200,753,2025-01-31,1SSlmkB7gsD,WPP-3119220,GRADE_A,USD, 2.55 ,5,12.75,Y
T200,754,2025-01-31,1SSlmkB7gsD,WPP-3119221,GRADE_A,USD, 2.98 ,5,14.90,Y
T200,755,2025-01-31,1SSlmkB7gsD,WPP-3116467,GRADE_A,USD, 1.26 ,10,12.60,Y
T200,756,2025-01-31,1SSlmkB7gsD,WPP-3118993,GRADE_A,USD, 0.56 ,20,11.20,Y
T200,757,2025-01-31,1SSlmkB7gsD,WPP-3119224,GRADE_A,USD, 0.23 ,3,0.69,Y
T200,758,2025-01-31,1SSlmkB7gsD,WPP-3119225,GRADE_A,USD, 0.24 ,10,2.40,Y
T200,759,2025-01-31,1SSlmkB7gsD,WPP-3119226,GRADE_A,USD, 0.10 ,3,0.30,Y
T200,760,2025-01-31,1SSlmkB7gsD,WPP-3119227,GRADE_A,USD, 0.73 ,10,7.30,Y
T200,761,2025-01-31,1SSlmkB7gsD,WPF-113801,GRADE_A,USD, 11.92 ,30,357.60,Y
T200,762,2025-01-31,1SSlmkB7gsD,WPF-3120505,GRADE_A,USD, 3.87 ,20,77.40,Y