company_code,costing_date,method,start_date,end_date,warehouse_id,material_id,grade,currency,unit_cost,is_active
N200,2025-01-31,MOVING_AVERAGE_MONTHLY,2025-01-01,2025-01-31,1SSlmkB7gsD,WP_113729,GRADE_A,USD, 419.26 ,Y
N200,2025-01-31,MOVING_AVERAGE_MONTHLY,2025-01-01,2025-01-31,1SSlmkB7gsD,WP_113627,GRADE_A,USD, 419.26 ,Y
N200,2025-01-31,MOVING_AVERAGE_MONTHLY,2025-01-01,2025-01-31,1SSlmkB7gsD,WP_113786,GRADE_A,USD, 419.26 ,Y
N200,2025-01-31,MOVING_AVERAGE_MONTHLY,2025-01-01,2025-01-31,1SSlmkB7gsD,WP_113785,GRADE_A,USD, 419.26 ,Y
N200,2025-01-31,MOVING_AVERAGE_MONTHLY,2025-01-01,2025-01-31,1SSlmkB7gsD,WP_113727,GRADE_A,USD, 768.66 ,Y
N200,2025-01-31,MOVING_AVERAGE_MONTHLY,2025-01-01,2025-01-31,1SSlmkB7gsD,WP_113713,GRADE_A,USD, 768.66 ,Y
N200,2025-01-31,MOVING_AVERAGE_MONTHLY,2025-01-01,2025-01-31,1SSlmkB7gsD,WP_113637,GRADE_A,USD, 680.01 ,Y
N200,2025-01-31,MOVING_AVERAGE_MONTHLY,2025-01-01,2025-01-31,1SSlmkB7gsD,WP_113782,GRADE_A,USD, 680.01 ,Y
N200,2025-01-31,MOVING_AVERAGE_MONTHLY,2025-01-01,2025-01-31,1SSlmkB7gsD,WP_113781,GRADE_A,USD, 680.01 ,Y
N200,2025-01-31,MOVING_AVERAGE_MONTHLY,2025-01-01,2025-01-31,1SSlmkB7gsD,WP_113783,GRADE_A,USD, 680.01 ,Y
N200,2025-01-31,MOVING_AVERAGE_MONTHLY,2025-01-01,2025-01-31,1SSlmkB7gsD,WP_113725,GRADE_A,USD, 378.07 ,Y
N200,2025-01-31,MOVING_AVERAGE_MONTHLY,2025-01-01,2025-01-31,1SSlmkB7gsD,WP_113643,GRADE_A,USD, 378.07 ,Y
N200,2025-01-31,MOVING_AVERAGE_MONTHLY,2025-01-01,2025-01-31,1SSlmkB7gsD,WP_113792,GRADE_A,USD, 378.07 ,Y
N200,2025-01-31,MOVING_AVERAGE_MONTHLY,2025-01-01,2025-01-31,1SSlmkB7gsD,WP_113793,GRADE_A,USD, 378.07 ,Y
N200,2025-01-31,MOVING_AVERAGE_MONTHLY,2025-01-01,2025-01-31,1SSlmkB7gsD,WP_113780,GRADE_A,USD, 566.36 ,Y
N200,2025-01-31,MOVING_AVERAGE_MONTHLY,2025-01-01,2025-01-31,1SSlmkB7gsD,WP_113784,GRADE_A,USD, 566.36 ,Y
N200,2025-01-31,MOVING_AVERAGE_MONTHLY,2025-01-01,2025-01-31,1SSlmkB7gsD,WP_113816,GRADE_A,USD, 520.71 ,Y
N200,2025-01-31,MOVING_AVERAGE_MONTHLY,2025-01-01,2025-01-31,1SSlmkB7gsD,WP_113818,GRADE_A,USD, 520.71 ,Y
N200,2025-01-31,MOVING_AVERAGE_MONTHLY,2025-01-01,2025-01-31,1SSlmkB7gsD,WP_113820,GRADE_A,USD, 520.71 ,Y
N200,2025-01-31,MOVING_AVERAGE_MONTHLY,2025-01-01,2025-01-31,1SSlmkB7gsD,WP_113819,GRADE_A,USD, 520.71 ,Y
N200,2025-01-31,MOVING_AVERAGE_MONTHLY,2025-01-01,2025-01-31,1SSlmkB7gsD,WPP_3214803,GRADE_A,USD, 4.14 ,Y
N200,2025-01-31,MOVING_AVERAGE_MONTHLY,2025-01-01,2025-01-31,1SSlmkB7gsD,WPP_3114180,GRADE_A,USD, 4.69 ,Y
N200,2025-01-31,MOVING_AVERAGE_MONTHLY,2025-01-01,2025-01-31,1SSlmkB7gsD,WPP_3300181,GRADE_A,USD, 0.68 ,Y
N200,2025-01-31,MOVING_AVERAGE_MONTHLY,2025-01-01,2025-01-31,1SSlmkB7gsD,WPP_3200003,GRADE_A,USD, 0.46 ,Y
N200,2025-01-31,MOVING_AVERAGE_MONTHLY,2025-01-01,2025-01-31,1SSlmkB7gsD,WPP_3103293,GRADE_A,USD, 0.19 ,Y
N200,2025-01-31,MOVING_AVERAGE_MONTHLY,2025-01-01,2025-01-31,1SSlmkB7gsD,WPP_3103300,GRADE_A,USD, 0.19 ,Y
N200,2025-01-31,MOVING_AVERAGE_MONTHLY,2025-01-01,2025-01-31,1SSlmkB7gsD,WPP_3301454,GRADE_A,USD, 0.29 ,Y
N200,2025-01-31,MOVING_AVERAGE_MONTHLY,2025-01-01,2025-01-31,1SSlmkB7gsD,WPP_3112488,GRADE_A,USD, 0.02 ,Y
N200,2025-01-31,MOVING_AVERAGE_MONTHLY,2025-01-01,2025-01-31,1SSlmkB7gsD,WPP_3000004,GRADE_A,USD, 0.01 ,Y
N200,2025-01-31,MOVING_AVERAGE_MONTHLY,2025-01-01,2025-01-31,1SSlmkB7gsD,WPP_3007266,GRADE_A,USD, 0.01 ,Y
N200,2025-01-31,MOVING_AVERAGE_MONTHLY,2025-01-01,2025-01-31,1SSlmkB7gsD,WPP_3304061,GRADE_A,USD, 0.01 ,Y
N200,2025-01-31,MOVING_AVERAGE_MONTHLY,2025-01-01,2025-01-31,1SSlmkB7gsD,WPP_3007265,GRADE_A,USD, 0.02 ,Y
N200,2025-01-31,MOVING_AVERAGE_MONTHLY,2025-01-01,2025-01-31,1SSlmkB7gsD,WPP_3000006,GRADE_A,USD, 0.05 ,Y
N200,2025-01-31,MOVING_AVERAGE_MONTHLY,2025-01-01,2025-01-31,1SSlmkB7gsD,WPP_3000588,GRADE_A,USD, 0.04 ,Y
N200,2025-01-31,MOVING_AVERAGE_MONTHLY,2025-01-01,2025-01-31,1SSlmkB7gsD,WPP_3223893,GRADE_A,USD, 0.57 ,Y
N200,2025-01-31,MOVING_AVERAGE_MONTHLY,2025-01-01,2025-01-31,1SSlmkB7gsD,WPP_3206250,GRADE_A,USD, 0.03 ,Y
N200,2025-01-31,MOVING_AVERAGE_MONTHLY,2025-01-01,2025-01-31,1SSlmkB7gsD,WPP_3302422,GRADE_A,USD, 0.19 ,Y
N200,2025-01-31,MOVING_AVERAGE_MONTHLY,2025-01-01,2025-01-31,1SSlmkB7gsD,WPP_3007264,GRADE_A,USD, 0.01 ,Y
N200,2025-01-31,MOVING_AVERAGE_MONTHLY,2025-01-01,2025-01-31,1SSlmkB7gsD,WPF_113685,GRADE_A,USD, 2.61 ,Y
N200,2025-01-31,MOVING_AVERAGE_MONTHLY,2025-01-01,2025-01-31,1SSlmkB7gsD,WPF_113686,GRADE_A,USD, 42.64 ,Y
N200,2025-01-31,MOVING_AVERAGE_MONTHLY,2025-01-01,2025-01-31,1SSlmkB7gsD,WPF_113689,GRADE_A,USD, 3.83 ,Y
N200,2025-01-31,MOVING_AVERAGE_MONTHLY,2025-01-01,2025-01-31,1SSlmkB7gsD,WPP_3115483,GRADE_A,USD, 0.44 ,Y
N200,2025-01-31,MOVING_AVERAGE_MONTHLY,2025-01-01,2025-01-31,1SSlmkB7gsD,WPP_3115851,GRADE_A,USD, 2.94 ,Y
N200,2025-01-31,MOVING_AVERAGE_MONTHLY,2025-01-01,2025-01-31,1SSlmkB7gsD,WPP_3109833,GRADE_A,USD, 0.28 ,Y
N200,2025-01-31,MOVING_AVERAGE_MONTHLY,2025-01-01,2025-01-31,1SSlmkB7gsD,WPP_3114580,GRADE_A,USD, 1.13 ,Y
N200,2025-01-31,MOVING_AVERAGE_MONTHLY,2025-01-01,2025-01-31,1SSlmkB7gsD,WPP_3114581,GRADE_A,USD, 1.13 ,Y
N200,2025-01-31,MOVING_AVERAGE_MONTHLY,2025-01-01,2025-01-31,1SSlmkB7gsD,WPP_3114576,GRADE_A,USD, 3.94 ,Y
N200,2025-01-31,MOVING_AVERAGE_MONTHLY,2025-01-01,2025-01-31,1SSlmkB7gsD,WPP_3114515,GRADE_A,USD, 1.94 ,Y
N200,2025-01-31,MOVING_AVERAGE_MONTHLY,2025-01-01,2025-01-31,1SSlmkB7gsD,WPP_3114516,GRADE_A,USD, 2.18 ,Y
N200,2025-01-31,MOVING_AVERAGE_MONTHLY,2025-01-01,2025-01-31,1SSlmkB7gsD,WPP_3114517,GRADE_A,USD, 1.81 ,Y
N200,2025-01-31,MOVING_AVERAGE_MONTHLY,2025-01-01,2025-01-31,1SSlmkB7gsD,WPP_3114518,GRADE_A,USD, 2.94 ,Y
N200,2025-01-31,MOVING_AVERAGE_MONTHLY,2025-01-01,2025-01-31,1SSlmkB7gsD,WPP_3115618,GRADE_A,USD, 5.37 ,Y
N200,2025-01-31,MOVING_AVERAGE_MONTHLY,2025-01-01,2025-01-31,1SSlmkB7gsD,WPP_3115488,GRADE_A,USD, 25.03 ,Y
N200,2025-01-31,MOVING_AVERAGE_MONTHLY,2025-01-01,2025-01-31,1SSlmkB7gsD,WPP_3212800,GRADE_A,USD, 0.51 ,Y
N200,2025-01-31,MOVING_AVERAGE_MONTHLY,2025-01-01,2025-01-31,1SSlmkB7gsD,WPP_3114527,GRADE_A,USD, 1.35 ,Y
N200,2025-01-31,MOVING_AVERAGE_MONTHLY,2025-01-01,2025-01-31,1SSlmkB7gsD,WPP_3114528,GRADE_A,USD, 10.58 ,Y
N200,2025-01-31,MOVING_AVERAGE_MONTHLY,2025-01-01,2025-01-31,1SSlmkB7gsD,WPP_3115489,GRADE_A,USD, 0.21 ,Y
N200,2025-01-31,MOVING_AVERAGE_MONTHLY,2025-01-01,2025-01-31,1SSlmkB7gsD,WPP_3114555,GRADE_A,USD, 0.53 ,Y
N200,2025-01-31,MOVING_AVERAGE_MONTHLY,2025-01-01,2025-01-31,1SSlmkB7gsD,WPP_3114532,GRADE_A,USD, 1.89 ,Y
N200,2025-01-31,MOVING_AVERAGE_MONTHLY,2025-01-01,2025-01-31,1SSlmkB7gsD,WPP_3114533,GRADE_A,USD, 4.74 ,Y
N200,2025-01-31,MOVING_AVERAGE_MONTHLY,2025-01-01,2025-01-31,1SSlmkB7gsD,WPP_3114534,GRADE_A,USD, 3.60 ,Y
N200,2025-01-31,MOVING_AVERAGE_MONTHLY,2025-01-01,2025-01-31,1SSlmkB7gsD,WPP_3114535,GRADE_A,USD, 0.62 ,Y
N200,2025-01-31,MOVING_AVERAGE_MONTHLY,2025-01-01,2025-01-31,1SSlmkB7gsD,WPP_3115490,GRADE_A,USD, 0.90 ,Y
N200,2025-01-31,MOVING_AVERAGE_MONTHLY,2025-01-01,2025-01-31,1SSlmkB7gsD,WPP_3301869,GRADE_A,USD, 0.29 ,Y
N200,2025-01-31,MOVING_AVERAGE_MONTHLY,2025-01-01,2025-01-31,1SSlmkB7gsD,WPP_3115338,GRADE_A,USD, 9.67 ,Y
N200,2025-01-31,MOVING_AVERAGE_MONTHLY,2025-01-01,2025-01-31,1SSlmkB7gsD,WPP_3115853,GRADE_A,USD, 3.16 ,Y
N200,2025-01-31,MOVING_AVERAGE_MONTHLY,2025-01-01,2025-01-31,1SSlmkB7gsD,WPP_3114542,GRADE_A,USD, 3.84 ,Y
N200,2025-01-31,MOVING_AVERAGE_MONTHLY,2025-01-01,2025-01-31,1SSlmkB7gsD,WPP_3114574,GRADE_A,USD, 24.44 ,Y
N200,2025-01-31,MOVING_AVERAGE_MONTHLY,2025-01-01,2025-01-31,1SSlmkB7gsD,WPP_3114572,GRADE_A,USD, 26.93 ,Y
N200,2025-01-31,MOVING_AVERAGE_MONTHLY,2025-01-01,2025-01-31,1SSlmkB7gsD,WPP_3114551,GRADE_A,USD, 4.94 ,Y
N200,2025-01-31,MOVING_AVERAGE_MONTHLY,2025-01-01,2025-01-31,1SSlmkB7gsD,WPP_3115287,GRADE_A,USD, 4.94 ,Y
N200,2025-01-31,MOVING_AVERAGE_MONTHLY,2025-01-01,2025-01-31,1SSlmkB7gsD,WPP_3116196,GRADE_A,USD, 4.94 ,Y
N200,2025-01-31,MOVING_AVERAGE_MONTHLY,2025-01-01,2025-01-31,1SSlmkB7gsD,WPP_3116197,GRADE_A,USD, 4.94 ,Y
N200,2025-01-31,MOVING_AVERAGE_MONTHLY,2025-01-01,2025-01-31,1SSlmkB7gsD,WPP_3100961,GRADE_A,USD, 0.73 ,Y
N200,2025-01-31,MOVING_AVERAGE_MONTHLY,2025-01-01,2025-01-31,1SSlmkB7gsD,WPP_3100960,GRADE_A,USD, 0.72 ,Y
N200,2025-01-31,MOVING_AVERAGE_MONTHLY,2025-01-01,2025-01-31,1SSlmkB7gsD,WPP_3103750,GRADE_A,USD, 1.44 ,Y
N200,2025-01-31,MOVING_AVERAGE_MONTHLY,2025-01-01,2025-01-31,1SSlmkB7gsD,WPP_3115854,GRADE_A,USD, 3.53 ,Y
N200,2025-01-31,MOVING_AVERAGE_MONTHLY,2025-01-01,2025-01-31,1SSlmkB7gsD,WPP_3115855,GRADE_A,USD, 0.35 ,Y
N200,2025-01-31,MOVING_AVERAGE_MONTHLY,2025-01-01,2025-01-31,1SSlmkB7gsD,WPP_3114541,GRADE_A,USD, 1.20 ,Y
N200,2025-01-31,MOVING_AVERAGE_MONTHLY,2025-01-01,2025-01-31,1SSlmkB7gsD,WPP_3115392,GRADE_A,USD, 1.20 ,Y
N200,2025-01-31,MOVING_AVERAGE_MONTHLY,2025-01-01,2025-01-31,1SSlmkB7gsD,WPP_3116172,GRADE_A,USD, 1.20 ,Y
N200,2025-01-31,MOVING_AVERAGE_MONTHLY,2025-01-01,2025-01-31,1SSlmkB7gsD,WPP_3116174,GRADE_A,USD, 1.20 ,Y
N200,2025-01-31,MOVING_AVERAGE_MONTHLY,2025-01-01,2025-01-31,1SSlmkB7gsD,WPP_3116225,GRADE_A,USD, 11.57 ,Y
N200,2025-01-31,MOVING_AVERAGE_MONTHLY,2025-01-01,2025-01-31,1SSlmkB7gsD,WPP_3116163,GRADE_A,USD, 11.57 ,Y
N200,2025-01-31,MOVING_AVERAGE_MONTHLY,2025-01-01,2025-01-31,1SSlmkB7gsD,WPP_3116167,GRADE_A,USD, 11.57 ,Y
N200,2025-01-31,MOVING_AVERAGE_MONTHLY,2025-01-01,2025-01-31,1SSlmkB7gsD,WPP_3116168,GRADE_A,USD, 11.57 ,Y
N200,2025-01-31,MOVING_AVERAGE_MONTHLY,2025-01-01,2025-01-31,1SSlmkB7gsD,WPP_3114546,GRADE_A,USD, 12.05 ,Y
N200,2025-01-31,MOVING_AVERAGE_MONTHLY,2025-01-01,2025-01-31,1SSlmkB7gsD,WPP_3115279,GRADE_A,USD, 12.05 ,Y
N200,2025-01-31,MOVING_AVERAGE_MONTHLY,2025-01-01,2025-01-31,1SSlmkB7gsD,WPP_3116175,GRADE_A,USD, 12.05 ,Y
N200,2025-01-31,MOVING_AVERAGE_MONTHLY,2025-01-01,2025-01-31,1SSlmkB7gsD,WPP_3116176,GRADE_A,USD, 12.05 ,Y
N200,2025-01-31,MOVING_AVERAGE_MONTHLY,2025-01-01,2025-01-31,1SSlmkB7gsD,WPP_3114547,GRADE_A,USD, 8.95 ,Y
N200,2025-01-31,MOVING_AVERAGE_MONTHLY,2025-01-01,2025-01-31,1SSlmkB7gsD,WPP_3115281,GRADE_A,USD, 10.35 ,Y
N200,2025-01-31,MOVING_AVERAGE_MONTHLY,2025-01-01,2025-01-31,1SSlmkB7gsD,WPP_3116178,GRADE_A,USD, 10.35 ,Y
N200,2025-01-31,MOVING_AVERAGE_MONTHLY,2025-01-01,2025-01-31,1SSlmkB7gsD,WPP_3116183,GRADE_A,USD, 10.35 ,Y
N200,2025-01-31,MOVING_AVERAGE_MONTHLY,2025-01-01,2025-01-31,1SSlmkB7gsD,WPP_3114549,GRADE_A,USD, 9.68 ,Y
N200,2025-01-31,MOVING_AVERAGE_MONTHLY,2025-01-01,2025-01-31,1SSlmkB7gsD,WPP_3115283,GRADE_A,USD, 9.68 ,Y
N200,2025-01-31,MOVING_AVERAGE_MONTHLY,2025-01-01,2025-01-31,1SSlmkB7gsD,WPP_3116191,GRADE_A,USD, 9.68 ,Y
N200,2025-01-31,MOVING_AVERAGE_MONTHLY,2025-01-01,2025-01-31,1SSlmkB7gsD,WPP_3116192,GRADE_A,USD, 9.68 ,Y
N200,2025-01-31,MOVING_AVERAGE_MONTHLY,2025-01-01,2025-01-31,1SSlmkB7gsD,WPP_3114550,GRADE_A,USD, 18.25 ,Y
N200,2025-01-31,MOVING_AVERAGE_MONTHLY,2025-01-01,2025-01-31,1SSlmkB7gsD,WPP_3115285,GRADE_A,USD, 18.25 ,Y
N200,2025-01-31,MOVING_AVERAGE_MONTHLY,2025-01-01,2025-01-31,1SSlmkB7gsD,WPP_3116193,GRADE_A,USD, 18.25 ,Y
N200,2025-01-31,MOVING_AVERAGE_MONTHLY,2025-01-01,2025-01-31,1SSlmkB7gsD,WPP_3116194,GRADE_A,USD, 18.25 ,Y
N200,2025-01-31,MOVING_AVERAGE_MONTHLY,2025-01-01,2025-01-31,1SSlmkB7gsD,WPP_3114552,GRADE_A,USD, 1.20 ,Y
N200,2025-01-31,MOVING_AVERAGE_MONTHLY,2025-01-01,2025-01-31,1SSlmkB7gsD,WPP_3115289,GRADE_A,USD, 1.20 ,Y
N200,2025-01-31,MOVING_AVERAGE_MONTHLY,2025-01-01,2025-01-31,1SSlmkB7gsD,WPP_3116198,GRADE_A,USD, 1.20 ,Y
N200,2025-01-31,MOVING_AVERAGE_MONTHLY,2025-01-01,2025-01-31,1SSlmkB7gsD,WPP_3116199,GRADE_A,USD, 1.20 ,Y
N200,2025-01-31,MOVING_AVERAGE_MONTHLY,2025-01-01,2025-01-31,1SSlmkB7gsD,WPP_3114108,GRADE_A,USD, 1.47 ,Y
N200,2025-01-31,MOVING_AVERAGE_MONTHLY,2025-01-01,2025-01-31,1SSlmkB7gsD,WPP_3117012,GRADE_A,USD, 5.94 ,Y
N200,2025-01-31,MOVING_AVERAGE_MONTHLY,2025-01-01,2025-01-31,1SSlmkB7gsD,WPP_3113639,GRADE_A,USD, 4.14 ,Y
N200,2025-01-31,MOVING_AVERAGE_MONTHLY,2025-01-01,2025-01-31,1SSlmkB7gsD,WPP_3306112,GRADE_A,USD, 0.90 ,Y
N200,2025-01-31,MOVING_AVERAGE_MONTHLY,2025-01-01,2025-01-31,1SSlmkB7gsD,WPP_3116969,GRADE_A,USD, 0.88 ,Y
N200,2025-01-31,MOVING_AVERAGE_MONTHLY,2025-01-01,2025-01-31,1SSlmkB7gsD,WPP_3118919,GRADE_A,USD, 1.16 ,Y
N200,2025-01-31,MOVING_AVERAGE_MONTHLY,2025-01-01,2025-01-31,1SSlmkB7gsD,WPP_3117646,GRADE_A,USD, 3.90 ,Y
N200,2025-01-31,MOVING_AVERAGE_MONTHLY,2025-01-01,2025-01-31,1SSlmkB7gsD,WPP_3118921,GRADE_A,USD, 3.99 ,Y
N200,2025-01-31,MOVING_AVERAGE_MONTHLY,2025-01-01,2025-01-31,1SSlmkB7gsD,WPP_3118922,GRADE_A,USD, 0.71 ,Y
N200,2025-01-31,MOVING_AVERAGE_MONTHLY,2025-01-01,2025-01-31,1SSlmkB7gsD,WPP_3111501,GRADE_A,USD, 1.17 ,Y
N200,2025-01-31,MOVING_AVERAGE_MONTHLY,2025-01-01,2025-01-31,1SSlmkB7gsD,WPF_114016,GRADE_A,USD, 10.00 ,Y
N200,2025-01-31,MOVING_AVERAGE_MONTHLY,2025-01-01,2025-01-31,1SSlmkB7gsD,WPP_3116710,GRADE_A,USD, 0.44 ,Y
N200,2025-01-31,MOVING_AVERAGE_MONTHLY,2025-01-01,2025-01-31,1SSlmkB7gsD,WPP_3117064,GRADE_A,USD, 4.88 ,Y
N200,2025-01-31,MOVING_AVERAGE_MONTHLY,2025-01-01,2025-01-31,1SSlmkB7gsD,WPP_3114579,GRADE_A,USD, 1.31 ,Y
N200,2025-01-31,MOVING_AVERAGE_MONTHLY,2025-01-01,2025-01-31,1SSlmkB7gsD,WPP_3117066,GRADE_A,USD, 0.09 ,Y
N200,2025-01-31,MOVING_AVERAGE_MONTHLY,2025-01-01,2025-01-31,1SSlmkB7gsD,WPP_3117121,GRADE_A,USD, 4.51 ,Y
N200,2025-01-31,MOVING_AVERAGE_MONTHLY,2025-01-01,2025-01-31,1SSlmkB7gsD,WPP_3117122,GRADE_A,USD, 4.46 ,Y
N200,2025-01-31,MOVING_AVERAGE_MONTHLY,2025-01-01,2025-01-31,1SSlmkB7gsD,WPP_3117123,GRADE_A,USD, 4.41 ,Y
N200,2025-01-31,MOVING_AVERAGE_MONTHLY,2025-01-01,2025-01-31,1SSlmkB7gsD,WPP_3117067,GRADE_A,USD, 9.73 ,Y
N200,2025-01-31,MOVING_AVERAGE_MONTHLY,2025-01-01,2025-01-31,1SSlmkB7gsD,WPP_3117068,GRADE_A,USD, 22.06 ,Y
N200,2025-01-31,MOVING_AVERAGE_MONTHLY,2025-01-01,2025-01-31,1SSlmkB7gsD,WPP_3117069,GRADE_A,USD, 22.06 ,Y
N200,2025-01-31,MOVING_AVERAGE_MONTHLY,2025-01-01,2025-01-31,1SSlmkB7gsD,WPP_3116177,GRADE_A,USD, 5.49 ,Y
N200,2025-01-31,MOVING_AVERAGE_MONTHLY,2025-01-01,2025-01-31,1SSlmkB7gsD,WPP_3116157,GRADE_A,USD, 15.11 ,Y
N200,2025-01-31,MOVING_AVERAGE_MONTHLY,2025-01-01,2025-01-31,1SSlmkB7gsD,WPP_3117070,GRADE_A,USD, 0.30 ,Y
N200,2025-01-31,MOVING_AVERAGE_MONTHLY,2025-01-01,2025-01-31,1SSlmkB7gsD,WPP_3116162,GRADE_A,USD, 9.50 ,Y
N200,2025-01-31,MOVING_AVERAGE_MONTHLY,2025-01-01,2025-01-31,1SSlmkB7gsD,WPP_3113677,GRADE_A,USD, 4.67 ,Y
N200,2025-01-31,MOVING_AVERAGE_MONTHLY,2025-01-01,2025-01-31,1SSlmkB7gsD,WPP_3116272,GRADE_A,USD, 5.50 ,Y
N200,2025-01-31,MOVING_AVERAGE_MONTHLY,2025-01-01,2025-01-31,1SSlmkB7gsD,WPP_3117071,GRADE_A,USD, 6.27 ,Y
N200,2025-01-31,MOVING_AVERAGE_MONTHLY,2025-01-01,2025-01-31,1SSlmkB7gsD,WPP_3117073,GRADE_A,USD, 3.29 ,Y
N200,2025-01-31,MOVING_AVERAGE_MONTHLY,2025-01-01,2025-01-31,1SSlmkB7gsD,WPP_3117124,GRADE_A,USD, 41.13 ,Y
N200,2025-01-31,MOVING_AVERAGE_MONTHLY,2025-01-01,2025-01-31,1SSlmkB7gsD,WPP_3115773,GRADE_A,USD, 0.94 ,Y
N200,2025-01-31,MOVING_AVERAGE_MONTHLY,2025-01-01,2025-01-31,1SSlmkB7gsD,WPP_3117074,GRADE_A,USD, 0.60 ,Y
N200,2025-01-31,MOVING_AVERAGE_MONTHLY,2025-01-01,2025-01-31,1SSlmkB7gsD,WPP_3117075,GRADE_A,USD, 7.71 ,Y
N200,2025-01-31,MOVING_AVERAGE_MONTHLY,2025-01-01,2025-01-31,1SSlmkB7gsD,WPP_3117076,GRADE_A,USD, 0.71 ,Y
N200,2025-01-31,MOVING_AVERAGE_MONTHLY,2025-01-01,2025-01-31,1SSlmkB7gsD,WPP_3117077,GRADE_A,USD, 0.69 ,Y
N200,2025-01-31,MOVING_AVERAGE_MONTHLY,2025-01-01,2025-01-31,1SSlmkB7gsD,WPP_3117078,GRADE_A,USD, 0.62 ,Y
N200,2025-01-31,MOVING_AVERAGE_MONTHLY,2025-01-01,2025-01-31,1SSlmkB7gsD,WPP_3116088,GRADE_A,USD, 15.77 ,Y
N200,2025-01-31,MOVING_AVERAGE_MONTHLY,2025-01-01,2025-01-31,1SSlmkB7gsD,WPP_3116156,GRADE_A,USD, 12.39 ,Y
N200,2025-01-31,MOVING_AVERAGE_MONTHLY,2025-01-01,2025-01-31,1SSlmkB7gsD,WPP_3116092,GRADE_A,USD, 4.17 ,Y
N200,2025-01-31,MOVING_AVERAGE_MONTHLY,2025-01-01,2025-01-31,1SSlmkB7gsD,WPP_3117082,GRADE_A,USD, 0.50 ,Y
N200,2025-01-31,MOVING_AVERAGE_MONTHLY,2025-01-01,2025-01-31,1SSlmkB7gsD,WPP_3116117,GRADE_A,USD, 5.21 ,Y
N200,2025-01-31,MOVING_AVERAGE_MONTHLY,2025-01-01,2025-01-31,1SSlmkB7gsD,WPP_3117083,GRADE_A,USD, 0.75 ,Y
N200,2025-01-31,MOVING_AVERAGE_MONTHLY,2025-01-01,2025-01-31,1SSlmkB7gsD,WPP_3117084,GRADE_A,USD, 3.47 ,Y
N200,2025-01-31,MOVING_AVERAGE_MONTHLY,2025-01-01,2025-01-31,1SSlmkB7gsD,WPP_3117089,GRADE_A,USD, 11.96 ,Y
N200,2025-01-31,MOVING_AVERAGE_MONTHLY,2025-01-01,2025-01-31,1SSlmkB7gsD,WPP_3117090,GRADE_A,USD, 26.51 ,Y
N200,2025-01-31,MOVING_AVERAGE_MONTHLY,2025-01-01,2025-01-31,1SSlmkB7gsD,WPP_3117091,GRADE_A,USD, 19.09 ,Y
N200,2025-01-31,MOVING_AVERAGE_MONTHLY,2025-01-01,2025-01-31,1SSlmkB7gsD,WPP_3117092,GRADE_A,USD, 25.05 ,Y
N200,2025-01-31,MOVING_AVERAGE_MONTHLY,2025-01-01,2025-01-31,1SSlmkB7gsD,WPP_3117093,GRADE_A,USD, 3.17 ,Y
N200,2025-01-31,MOVING_AVERAGE_MONTHLY,2025-01-01,2025-01-31,1SSlmkB7gsD,WPP_3117094,GRADE_A,USD, 5.63 ,Y
N200,2025-01-31,MOVING_AVERAGE_MONTHLY,2025-01-01,2025-01-31,1SSlmkB7gsD,WPP_3117095,GRADE_A,USD, 1.32 ,Y
N200,2025-01-31,MOVING_AVERAGE_MONTHLY,2025-01-01,2025-01-31,1SSlmkB7gsD,WPP_3117557,GRADE_A,USD, 18.06 ,Y
N200,2025-01-31,MOVING_AVERAGE_MONTHLY,2025-01-01,2025-01-31,1SSlmkB7gsD,WPP_3117096,GRADE_A,USD, 4.67 ,Y
N200,2025-01-31,MOVING_AVERAGE_MONTHLY,2025-01-01,2025-01-31,1SSlmkB7gsD,WPP_3117097,GRADE_A,USD, 3.80 ,Y
N200,2025-01-31,MOVING_AVERAGE_MONTHLY,2025-01-01,2025-01-31,1SSlmkB7gsD,WPP_3117098,GRADE_A,USD, 3.25 ,Y
N200,2025-01-31,MOVING_AVERAGE_MONTHLY,2025-01-01,2025-01-31,1SSlmkB7gsD,WPP_3117099,GRADE_A,USD, 3.25 ,Y
N200,2025-01-31,MOVING_AVERAGE_MONTHLY,2025-01-01,2025-01-31,1SSlmkB7gsD,WPP_3117100,GRADE_A,USD, 4.49 ,Y
N200,2025-01-31,MOVING_AVERAGE_MONTHLY,2025-01-01,2025-01-31,1SSlmkB7gsD,WPP_3117101,GRADE_A,USD, 4.51 ,Y
N200,2025-01-31,MOVING_AVERAGE_MONTHLY,2025-01-01,2025-01-31,1SSlmkB7gsD,WPP_3117102,GRADE_A,USD, 4.06 ,Y
N200,2025-01-31,MOVING_AVERAGE_MONTHLY,2025-01-01,2025-01-31,1SSlmkB7gsD,WPP_3117103,GRADE_A,USD, 4.08 ,Y
N200,2025-01-31,MOVING_AVERAGE_MONTHLY,2025-01-01,2025-01-31,1SSlmkB7gsD,WPP_3117104,GRADE_A,USD, 10.82 ,Y
N200,2025-01-31,MOVING_AVERAGE_MONTHLY,2025-01-01,2025-01-31,1SSlmkB7gsD,WPP_3117105,GRADE_A,USD, 10.82 ,Y
N200,2025-01-31,MOVING_AVERAGE_MONTHLY,2025-01-01,2025-01-31,1SSlmkB7gsD,WPP_3117106,GRADE_A,USD, 28.31 ,Y
N200,2025-01-31,MOVING_AVERAGE_MONTHLY,2025-01-01,2025-01-31,1SSlmkB7gsD,WPP_3117107,GRADE_A,USD, 28.31 ,Y
N200,2025-01-31,MOVING_AVERAGE_MONTHLY,2025-01-01,2025-01-31,1SSlmkB7gsD,WPP_3117108,GRADE_A,USD, 32.59 ,Y
N200,2025-01-31,MOVING_AVERAGE_MONTHLY,2025-01-01,2025-01-31,1SSlmkB7gsD,WPP_3113928,GRADE_A,USD, 1.57 ,Y
N200,2025-01-31,MOVING_AVERAGE_MONTHLY,2025-01-01,2025-01-31,1SSlmkB7gsD,WPP_3117109,GRADE_A,USD, 14.20 ,Y
N200,2025-01-31,MOVING_AVERAGE_MONTHLY,2025-01-01,2025-01-31,1SSlmkB7gsD,WPP_3117110,GRADE_A,USD, 14.20 ,Y
N200,2025-01-31,MOVING_AVERAGE_MONTHLY,2025-01-01,2025-01-31,1SSlmkB7gsD,WPP_3117111,GRADE_A,USD, 16.08 ,Y
N200,2025-01-31,MOVING_AVERAGE_MONTHLY,2025-01-01,2025-01-31,1SSlmkB7gsD,WPP_3117112,GRADE_A,USD, 16.06 ,Y
N200,2025-01-31,MOVING_AVERAGE_MONTHLY,2025-01-01,2025-01-31,1SSlmkB7gsD,WPP_3117113,GRADE_A,USD, 12.12 ,Y
N200,2025-01-31,MOVING_AVERAGE_MONTHLY,2025-01-01,2025-01-31,1SSlmkB7gsD,WPP_3117114,GRADE_A,USD, 12.28 ,Y
N200,2025-01-31,MOVING_AVERAGE_MONTHLY,2025-01-01,2025-01-31,1SSlmkB7gsD,WPP_3117115,GRADE_A,USD, 2.49 ,Y
N200,2025-01-31,MOVING_AVERAGE_MONTHLY,2025-01-01,2025-01-31,1SSlmkB7gsD,WPP_3117116,GRADE_A,USD, 2.49 ,Y
N200,2025-01-31,MOVING_AVERAGE_MONTHLY,2025-01-01,2025-01-31,1SSlmkB7gsD,WPP_3117117,GRADE_A,USD, 11.71 ,Y
N200,2025-01-31,MOVING_AVERAGE_MONTHLY,2025-01-01,2025-01-31,1SSlmkB7gsD,WPP_3100092,GRADE_A,USD, 0.72 ,Y
N200,2025-01-31,MOVING_AVERAGE_MONTHLY,2025-01-01,2025-01-31,1SSlmkB7gsD,WPP_3100101,GRADE_A,USD, 0.78 ,Y
N200,2025-01-31,MOVING_AVERAGE_MONTHLY,2025-01-01,2025-01-31,1SSlmkB7gsD,WPP_3117118,GRADE_A,USD, 2.23 ,Y
N200,2025-01-31,MOVING_AVERAGE_MONTHLY,2025-01-01,2025-01-31,1SSlmkB7gsD,WPP_3119591,GRADE_A,USD, 4.77 ,Y
N200,2025-01-31,MOVING_AVERAGE_MONTHLY,2025-01-01,2025-01-31,1SSlmkB7gsD,WPP_3117926,GRADE_A,USD, 1.15 ,Y
N200,2025-01-31,MOVING_AVERAGE_MONTHLY,2025-01-01,2025-01-31,1SSlmkB7gsD,WPP_3117929,GRADE_A,USD, 1.15 ,Y
N200,2025-01-31,MOVING_AVERAGE_MONTHLY,2025-01-01,2025-01-31,1SSlmkB7gsD,WPP_3115632,GRADE_A,USD, 0.62 ,Y
N200,2025-01-31,MOVING_AVERAGE_MONTHLY,2025-01-01,2025-01-31,1SSlmkB7gsD,WPP_3117930,GRADE_A,USD, 0.65 ,Y
N200,2025-01-31,MOVING_AVERAGE_MONTHLY,2025-01-01,2025-01-31,1SSlmkB7gsD,WPP_3117931,GRADE_A,USD, 3.29 ,Y
N200,2025-01-31,MOVING_AVERAGE_MONTHLY,2025-01-01,2025-01-31,1SSlmkB7gsD,WPP_3118815,GRADE_A,USD, 1.00 ,Y
N200,2025-01-31,MOVING_AVERAGE_MONTHLY,2025-01-01,2025-01-31,1SSlmkB7gsD,WPP_3118822,GRADE_A,USD, 2.56 ,Y
N200,2025-01-31,MOVING_AVERAGE_MONTHLY,2025-01-01,2025-01-31,1SSlmkB7gsD,WPP_3118824,GRADE_A,USD, 2.56 ,Y
N200,2025-01-31,MOVING_AVERAGE_MONTHLY,2025-01-01,2025-01-31,1SSlmkB7gsD,WPP_3119965,GRADE_A,USD, 4.69 ,Y
N200,2025-01-31,MOVING_AVERAGE_MONTHLY,2025-01-01,2025-01-31,1SSlmkB7gsD,WPF_113971,GRADE_A,USD, 2.61 ,Y
N200,2025-01-31,MOVING_AVERAGE_MONTHLY,2025-01-01,2025-01-31,1SSlmkB7gsD,WPF_113973,GRADE_A,USD, 8.86 ,Y
N200,2025-01-31,MOVING_AVERAGE_MONTHLY,2025-01-01,2025-01-31,1SSlmkB7gsD,WPF_113974,GRADE_A,USD, 1.86 ,Y
N200,2025-01-31,MOVING_AVERAGE_MONTHLY,2025-01-01,2025-01-31,1SSlmkB7gsD,WPP_3115744,GRADE_A,USD, 144.81 ,Y
N200,2025-01-31,MOVING_AVERAGE_MONTHLY,2025-01-01,2025-01-31,1SSlmkB7gsD,WPP_3116376,GRADE_A,USD, 144.81 ,Y
N200,2025-01-31,MOVING_AVERAGE_MONTHLY,2025-01-01,2025-01-31,1SSlmkB7gsD,WPP_3116377,GRADE_A,USD, 144.81 ,Y
N200,2025-01-31,MOVING_AVERAGE_MONTHLY,2025-01-01,2025-01-31,1SSlmkB7gsD,WPP_3116378,GRADE_A,USD, 144.81 ,Y
N200,2025-01-31,MOVING_AVERAGE_MONTHLY,2025-01-01,2025-01-31,1SSlmkB7gsD,WPP_3115945,GRADE_A,USD, 1.95 ,Y
N200,2025-01-31,MOVING_AVERAGE_MONTHLY,2025-01-01,2025-01-31,1SSlmkB7gsD,WPP_3116550,GRADE_A,USD, 1.95 ,Y
N200,2025-01-31,MOVING_AVERAGE_MONTHLY,2025-01-01,2025-01-31,1SSlmkB7gsD,WPP_3116551,GRADE_A,USD, 1.95 ,Y
N200,2025-01-31,MOVING_AVERAGE_MONTHLY,2025-01-01,2025-01-31,1SSlmkB7gsD,WPP_3116552,GRADE_A,USD, 1.95 ,Y
N200,2025-01-31,MOVING_AVERAGE_MONTHLY,2025-01-01,2025-01-31,1SSlmkB7gsD,WPP_3115947,GRADE_A,USD, 2.38 ,Y
N200,2025-01-31,MOVING_AVERAGE_MONTHLY,2025-01-01,2025-01-31,1SSlmkB7gsD,WPP_3115953,GRADE_A,USD, 0.35 ,Y
N200,2025-01-31,MOVING_AVERAGE_MONTHLY,2025-01-01,2025-01-31,1SSlmkB7gsD,WPP_3116563,GRADE_A,USD, 0.35 ,Y
N200,2025-01-31,MOVING_AVERAGE_MONTHLY,2025-01-01,2025-01-31,1SSlmkB7gsD,WPP_3116564,GRADE_A,USD, 0.35 ,Y
N200,2025-01-31,MOVING_AVERAGE_MONTHLY,2025-01-01,2025-01-31,1SSlmkB7gsD,WPP_3116565,GRADE_A,USD, 0.35 ,Y
N200,2025-01-31,MOVING_AVERAGE_MONTHLY,2025-01-01,2025-01-31,1SSlmkB7gsD,WPP_3115745,GRADE_A,USD, 10.51 ,Y
N200,2025-01-31,MOVING_AVERAGE_MONTHLY,2025-01-01,2025-01-31,1SSlmkB7gsD,WPP_3115746,GRADE_A,USD, 2.79 ,Y
N200,2025-01-31,MOVING_AVERAGE_MONTHLY,2025-01-01,2025-01-31,1SSlmkB7gsD,WPP_3115747,GRADE_A,USD, 5.05 ,Y
N200,2025-01-31,MOVING_AVERAGE_MONTHLY,2025-01-01,2025-01-31,1SSlmkB7gsD,WPP_3110757,GRADE_A,USD, 3.91 ,Y
N200,2025-01-31,MOVING_AVERAGE_MONTHLY,2025-01-01,2025-01-31,1SSlmkB7gsD,WPP_3117125,GRADE_A,USD, 0.46 ,Y
N200,2025-01-31,MOVING_AVERAGE_MONTHLY,2025-01-01,2025-01-31,1SSlmkB7gsD,WPP_3115938,GRADE_A,USD, 3.74 ,Y
N200,2025-01-31,MOVING_AVERAGE_MONTHLY,2025-01-01,2025-01-31,1SSlmkB7gsD,WPP_3110075,GRADE_A,USD, 0.98 ,Y
N200,2025-01-31,MOVING_AVERAGE_MONTHLY,2025-01-01,2025-01-31,1SSlmkB7gsD,WPP_3115748,GRADE_A,USD, 19.94 ,Y
N200,2025-01-31,MOVING_AVERAGE_MONTHLY,2025-01-01,2025-01-31,1SSlmkB7gsD,WPP_3117126,GRADE_A,USD, 2.38 ,Y
N200,2025-01-31,MOVING_AVERAGE_MONTHLY,2025-01-01,2025-01-31,1SSlmkB7gsD,WPP_3104607,GRADE_A,USD, 1.08 ,Y
N200,2025-01-31,MOVING_AVERAGE_MONTHLY,2025-01-01,2025-01-31,1SSlmkB7gsD,WPP_3115875,GRADE_A,USD, 2.93 ,Y
N200,2025-01-31,MOVING_AVERAGE_MONTHLY,2025-01-01,2025-01-31,1SSlmkB7gsD,WPP_3115749,GRADE_A,USD, 2.82 ,Y
N200,2025-01-31,MOVING_AVERAGE_MONTHLY,2025-01-01,2025-01-31,1SSlmkB7gsD,WPP_3107637,GRADE_A,USD, 3.24 ,Y
N200,2025-01-31,MOVING_AVERAGE_MONTHLY,2025-01-01,2025-01-31,1SSlmkB7gsD,WPP_3119372,GRADE_A,USD, 2.83 ,Y
N200,2025-01-31,MOVING_AVERAGE_MONTHLY,2025-01-01,2025-01-31,1SSlmkB7gsD,WPP_3117127,GRADE_A,USD, 1.66 ,Y
N200,2025-01-31,MOVING_AVERAGE_MONTHLY,2025-01-01,2025-01-31,1SSlmkB7gsD,WPP_3115879,GRADE_A,USD, 40.96 ,Y
N200,2025-01-31,MOVING_AVERAGE_MONTHLY,2025-01-01,2025-01-31,1SSlmkB7gsD,WPP_3115751,GRADE_A,USD, 0.21 ,Y
N200,2025-01-31,MOVING_AVERAGE_MONTHLY,2025-01-01,2025-01-31,1SSlmkB7gsD,WPP_3115753,GRADE_A,USD, 0.22 ,Y
N200,2025-01-31,MOVING_AVERAGE_MONTHLY,2025-01-01,2025-01-31,1SSlmkB7gsD,WPP_3117129,GRADE_A,USD, 1.36 ,Y
N200,2025-01-31,MOVING_AVERAGE_MONTHLY,2025-01-01,2025-01-31,1SSlmkB7gsD,WPP_3117135,GRADE_A,USD, 1.15 ,Y
N200,2025-01-31,MOVING_AVERAGE_MONTHLY,2025-01-01,2025-01-31,1SSlmkB7gsD,WPP_3115774,GRADE_A,USD, 27.14 ,Y
N200,2025-01-31,MOVING_AVERAGE_MONTHLY,2025-01-01,2025-01-31,1SSlmkB7gsD,WPP_3103098,GRADE_A,USD, 0.66 ,Y
N200,2025-01-31,MOVING_AVERAGE_MONTHLY,2025-01-01,2025-01-31,1SSlmkB7gsD,WPP_3213388,GRADE_A,USD, 0.90 ,Y
N200,2025-01-31,MOVING_AVERAGE_MONTHLY,2025-01-01,2025-01-31,1SSlmkB7gsD,WPP_3117136,GRADE_A,USD, 2.26 ,Y
N200,2025-01-31,MOVING_AVERAGE_MONTHLY,2025-01-01,2025-01-31,1SSlmkB7gsD,WPP_3115776,GRADE_A,USD, 5.30 ,Y
N200,2025-01-31,MOVING_AVERAGE_MONTHLY,2025-01-01,2025-01-31,1SSlmkB7gsD,WPP_3115777,GRADE_A,USD, 3.06 ,Y
N200,2025-01-31,MOVING_AVERAGE_MONTHLY,2025-01-01,2025-01-31,1SSlmkB7gsD,WPP_3117138,GRADE_A,USD, 11.88 ,Y
N200,2025-01-31,MOVING_AVERAGE_MONTHLY,2025-01-01,2025-01-31,1SSlmkB7gsD,WPP_3115790,GRADE_A,USD, 2.94 ,Y
N200,2025-01-31,MOVING_AVERAGE_MONTHLY,2025-01-01,2025-01-31,1SSlmkB7gsD,WPP_3115797,GRADE_A,USD, 2.83 ,Y
N200,2025-01-31,MOVING_AVERAGE_MONTHLY,2025-01-01,2025-01-31,1SSlmkB7gsD,WPP_3115799,GRADE_A,USD, 3.35 ,Y
N200,2025-01-31,MOVING_AVERAGE_MONTHLY,2025-01-01,2025-01-31,1SSlmkB7gsD,WPP_3115802,GRADE_A,USD, 0.97 ,Y
N200,2025-01-31,MOVING_AVERAGE_MONTHLY,2025-01-01,2025-01-31,1SSlmkB7gsD,WPP_3113516,GRADE_A,USD, 0.68 ,Y
N200,2025-01-31,MOVING_AVERAGE_MONTHLY,2025-01-01,2025-01-31,1SSlmkB7gsD,WPP_3115803,GRADE_A,USD, 0.11 ,Y
N200,2025-01-31,MOVING_AVERAGE_MONTHLY,2025-01-01,2025-01-31,1SSlmkB7gsD,WPP_3115827,GRADE_A,USD, 0.11 ,Y
N200,2025-01-31,MOVING_AVERAGE_MONTHLY,2025-01-01,2025-01-31,1SSlmkB7gsD,WPP_3117556,GRADE_A,USD, 0.46 ,Y
N200,2025-01-31,MOVING_AVERAGE_MONTHLY,2025-01-01,2025-01-31,1SSlmkB7gsD,WPP_3115801,GRADE_A,USD, 3.87 ,Y
N200,2025-01-31,MOVING_AVERAGE_MONTHLY,2025-01-01,2025-01-31,1SSlmkB7gsD,WPP_3115880,GRADE_A,USD, 3.43 ,Y
N200,2025-01-31,MOVING_AVERAGE_MONTHLY,2025-01-01,2025-01-31,1SSlmkB7gsD,WPP_3115881,GRADE_A,USD, 3.43 ,Y
N200,2025-01-31,MOVING_AVERAGE_MONTHLY,2025-01-01,2025-01-31,1SSlmkB7gsD,WPP_3115806,GRADE_A,USD, 0.77 ,Y
N200,2025-01-31,MOVING_AVERAGE_MONTHLY,2025-01-01,2025-01-31,1SSlmkB7gsD,WPP_3115810,GRADE_A,USD, 19.70 ,Y
N200,2025-01-31,MOVING_AVERAGE_MONTHLY,2025-01-01,2025-01-31,1SSlmkB7gsD,WPP_3115812,GRADE_A,USD, 11.05 ,Y
N200,2025-01-31,MOVING_AVERAGE_MONTHLY,2025-01-01,2025-01-31,1SSlmkB7gsD,WPP_3117558,GRADE_A,USD, 35.52 ,Y
N200,2025-01-31,MOVING_AVERAGE_MONTHLY,2025-01-01,2025-01-31,1SSlmkB7gsD,WPP_3117559,GRADE_A,USD, 3.64 ,Y
N200,2025-01-31,MOVING_AVERAGE_MONTHLY,2025-01-01,2025-01-31,1SSlmkB7gsD,WPP_3115821,GRADE_A,USD, 4.29 ,Y
N200,2025-01-31,MOVING_AVERAGE_MONTHLY,2025-01-01,2025-01-31,1SSlmkB7gsD,WPP_3117561,GRADE_A,USD, 1.22 ,Y
N200,2025-01-31,MOVING_AVERAGE_MONTHLY,2025-01-01,2025-01-31,1SSlmkB7gsD,WPP_3115822,GRADE_A,USD, 10.31 ,Y
N200,2025-01-31,MOVING_AVERAGE_MONTHLY,2025-01-01,2025-01-31,1SSlmkB7gsD,WPP_3115823,GRADE_A,USD, 4.83 ,Y
N200,2025-01-31,MOVING_AVERAGE_MONTHLY,2025-01-01,2025-01-31,1SSlmkB7gsD,WPP_3115824,GRADE_A,USD, 7.38 ,Y
N200,2025-01-31,MOVING_AVERAGE_MONTHLY,2025-01-01,2025-01-31,1SSlmkB7gsD,WPP_3115825,GRADE_A,USD, 4.71 ,Y
N200,2025-01-31,MOVING_AVERAGE_MONTHLY,2025-01-01,2025-01-31,1SSlmkB7gsD,WPP_3115826,GRADE_A,USD, 13.74 ,Y
N200,2025-01-31,MOVING_AVERAGE_MONTHLY,2025-01-01,2025-01-31,1SSlmkB7gsD,WPP_3117562,GRADE_A,USD, 133.08 ,Y
N200,2025-01-31,MOVING_AVERAGE_MONTHLY,2025-01-01,2025-01-31,1SSlmkB7gsD,WPP_3117563,GRADE_A,USD, 133.08 ,Y
N200,2025-01-31,MOVING_AVERAGE_MONTHLY,2025-01-01,2025-01-31,1SSlmkB7gsD,WPP_3117575,GRADE_A,USD, 3.74 ,Y
N200,2025-01-31,MOVING_AVERAGE_MONTHLY,2025-01-01,2025-01-31,1SSlmkB7gsD,WPP_3117576,GRADE_A,USD, 39.83 ,Y
N200,2025-01-31,MOVING_AVERAGE_MONTHLY,2025-01-01,2025-01-31,1SSlmkB7gsD,WPP_3118814,GRADE_A,USD, 0.55 ,Y
N200,2025-01-31,MOVING_AVERAGE_MONTHLY,2025-01-01,2025-01-31,1SSlmkB7gsD,WPP_3301443,GRADE_A,USD, 0.75 ,Y
N200,2025-01-31,MOVING_AVERAGE_MONTHLY,2025-01-01,2025-01-31,1SSlmkB7gsD,WPP_3117577,GRADE_A,USD, 2.45 ,Y
N200,2025-01-31,MOVING_AVERAGE_MONTHLY,2025-01-01,2025-01-31,1SSlmkB7gsD,WPP_3117578,GRADE_A,USD, 3.80 ,Y
N200,2025-01-31,MOVING_AVERAGE_MONTHLY,2025-01-01,2025-01-31,1SSlmkB7gsD,WPP_3117579,GRADE_A,USD, 22.40 ,Y
N200,2025-01-31,MOVING_AVERAGE_MONTHLY,2025-01-01,2025-01-31,1SSlmkB7gsD,WPP_3117580,GRADE_A,USD, 5.57 ,Y
N200,2025-01-31,MOVING_AVERAGE_MONTHLY,2025-01-01,2025-01-31,1SSlmkB7gsD,WPP_3117582,GRADE_A,USD, 3.27 ,Y
N200,2025-01-31,MOVING_AVERAGE_MONTHLY,2025-01-01,2025-01-31,1SSlmkB7gsD,WPP_3117583,GRADE_A,USD, 2.53 ,Y
N200,2025-01-31,MOVING_AVERAGE_MONTHLY,2025-01-01,2025-01-31,1SSlmkB7gsD,WPP_3117584,GRADE_A,USD, 10.78 ,Y
N200,2025-01-31,MOVING_AVERAGE_MONTHLY,2025-01-01,2025-01-31,1SSlmkB7gsD,WPP_3117585,GRADE_A,USD, 4.83 ,Y
N200,2025-01-31,MOVING_AVERAGE_MONTHLY,2025-01-01,2025-01-31,1SSlmkB7gsD,WPP_3117586,GRADE_A,USD, 3.60 ,Y
N200,2025-01-31,MOVING_AVERAGE_MONTHLY,2025-01-01,2025-01-31,1SSlmkB7gsD,WPP_3118783,GRADE_A,USD, 14.40 ,Y
N200,2025-01-31,MOVING_AVERAGE_MONTHLY,2025-01-01,2025-01-31,1SSlmkB7gsD,WPP_3118784,GRADE_A,USD, 14.40 ,Y
N200,2025-01-31,MOVING_AVERAGE_MONTHLY,2025-01-01,2025-01-31,1SSlmkB7gsD,WPP_3116850,GRADE_A,USD, 3.36 ,Y
N200,2025-01-31,MOVING_AVERAGE_MONTHLY,2025-01-01,2025-01-31,1SSlmkB7gsD,WPP_3116900,GRADE_A,USD, 3.36 ,Y
N200,2025-01-31,MOVING_AVERAGE_MONTHLY,2025-01-01,2025-01-31,1SSlmkB7gsD,WPP_3116851,GRADE_A,USD, 4.82 ,Y
N200,2025-01-31,MOVING_AVERAGE_MONTHLY,2025-01-01,2025-01-31,1SSlmkB7gsD,WPP_3116853,GRADE_A,USD, 45.92 ,Y
N200,2025-01-31,MOVING_AVERAGE_MONTHLY,2025-01-01,2025-01-31,1SSlmkB7gsD,WPP_3116854,GRADE_A,USD, 6.43 ,Y
N200,2025-01-31,MOVING_AVERAGE_MONTHLY,2025-01-01,2025-01-31,1SSlmkB7gsD,WPP_3116880,GRADE_A,USD, 35.42 ,Y
N200,2025-01-31,MOVING_AVERAGE_MONTHLY,2025-01-01,2025-01-31,1SSlmkB7gsD,WPP_3116858,GRADE_A,USD, 3.33 ,Y
N200,2025-01-31,MOVING_AVERAGE_MONTHLY,2025-01-01,2025-01-31,1SSlmkB7gsD,WPP_3112467,GRADE_A,USD, 3.26 ,Y
N200,2025-01-31,MOVING_AVERAGE_MONTHLY,2025-01-01,2025-01-31,1SSlmkB7gsD,WPP_3116857,GRADE_A,USD, 5.08 ,Y
N200,2025-01-31,MOVING_AVERAGE_MONTHLY,2025-01-01,2025-01-31,1SSlmkB7gsD,WPP_3112473,GRADE_A,USD, 3.11 ,Y
N200,2025-01-31,MOVING_AVERAGE_MONTHLY,2025-01-01,2025-01-31,1SSlmkB7gsD,WPP_3116901,GRADE_A,USD, 2.62 ,Y
N200,2025-01-31,MOVING_AVERAGE_MONTHLY,2025-01-01,2025-01-31,1SSlmkB7gsD,WPP_3116935,GRADE_A,USD, 2.61 ,Y
N200,2025-01-31,MOVING_AVERAGE_MONTHLY,2025-01-01,2025-01-31,1SSlmkB7gsD,WPP_3112477,GRADE_A,USD, 6.57 ,Y
N200,2025-01-31,MOVING_AVERAGE_MONTHLY,2025-01-01,2025-01-31,1SSlmkB7gsD,WPP_3112481,GRADE_A,USD, 1.75 ,Y
N200,2025-01-31,MOVING_AVERAGE_MONTHLY,2025-01-01,2025-01-31,1SSlmkB7gsD,WPP_3117774,GRADE_A,USD, 11.01 ,Y
N200,2025-01-31,MOVING_AVERAGE_MONTHLY,2025-01-01,2025-01-31,1SSlmkB7gsD,WPP_3116860,GRADE_A,USD, 1.58 ,Y
N200,2025-01-31,MOVING_AVERAGE_MONTHLY,2025-01-01,2025-01-31,1SSlmkB7gsD,WPP_3116867,GRADE_A,USD, 2.07 ,Y
N200,2025-01-31,MOVING_AVERAGE_MONTHLY,2025-01-01,2025-01-31,1SSlmkB7gsD,WPP_3116889,GRADE_A,USD, 7.32 ,Y
N200,2025-01-31,MOVING_AVERAGE_MONTHLY,2025-01-01,2025-01-31,1SSlmkB7gsD,WPP_3116896,GRADE_A,USD, 7.32 ,Y
N200,2025-01-31,MOVING_AVERAGE_MONTHLY,2025-01-01,2025-01-31,1SSlmkB7gsD,WPP_3116898,GRADE_A,USD, 7.44 ,Y
N200,2025-01-31,MOVING_AVERAGE_MONTHLY,2025-01-01,2025-01-31,1SSlmkB7gsD,WPP_3116870,GRADE_A,USD, 2.10 ,Y
N200,2025-01-31,MOVING_AVERAGE_MONTHLY,2025-01-01,2025-01-31,1SSlmkB7gsD,WPP_3116890,GRADE_A,USD, 7.35 ,Y
N200,2025-01-31,MOVING_AVERAGE_MONTHLY,2025-01-01,2025-01-31,1SSlmkB7gsD,WPP_3116897,GRADE_A,USD, 7.35 ,Y
N200,2025-01-31,MOVING_AVERAGE_MONTHLY,2025-01-01,2025-01-31,1SSlmkB7gsD,WPP_3116899,GRADE_A,USD, 7.46 ,Y
N200,2025-01-31,MOVING_AVERAGE_MONTHLY,2025-01-01,2025-01-31,1SSlmkB7gsD,WPP_3116872,GRADE_A,USD, 2.35 ,Y
N200,2025-01-31,MOVING_AVERAGE_MONTHLY,2025-01-01,2025-01-31,1SSlmkB7gsD,WPP_3116891,GRADE_A,USD, 2.35 ,Y
N200,2025-01-31,MOVING_AVERAGE_MONTHLY,2025-01-01,2025-01-31,1SSlmkB7gsD,WPP_3116902,GRADE_A,USD, 2.37 ,Y
N200,2025-01-31,MOVING_AVERAGE_MONTHLY,2025-01-01,2025-01-31,1SSlmkB7gsD,WPP_3116903,GRADE_A,USD, 2.37 ,Y
N200,2025-01-31,MOVING_AVERAGE_MONTHLY,2025-01-01,2025-01-31,1SSlmkB7gsD,WPP_3118450,GRADE_A,USD, 11.39 ,Y
N200,2025-01-31,MOVING_AVERAGE_MONTHLY,2025-01-01,2025-01-31,1SSlmkB7gsD,WPP_3116923,GRADE_A,USD, 11.34 ,Y
N200,2025-01-31,MOVING_AVERAGE_MONTHLY,2025-01-01,2025-01-31,1SSlmkB7gsD,WPP_3116940,GRADE_A,USD, 11.29 ,Y
N200,2025-01-31,MOVING_AVERAGE_MONTHLY,2025-01-01,2025-01-31,1SSlmkB7gsD,WPP_3116942,GRADE_A,USD, 11.39 ,Y
N200,2025-01-31,MOVING_AVERAGE_MONTHLY,2025-01-01,2025-01-31,1SSlmkB7gsD,WPP_3116865,GRADE_A,USD, 31.72 ,Y
N200,2025-01-31,MOVING_AVERAGE_MONTHLY,2025-01-01,2025-01-31,1SSlmkB7gsD,WPP_3116925,GRADE_A,USD, 31.72 ,Y
N200,2025-01-31,MOVING_AVERAGE_MONTHLY,2025-01-01,2025-01-31,1SSlmkB7gsD,WPP_3116944,GRADE_A,USD, 31.72 ,Y
N200,2025-01-31,MOVING_AVERAGE_MONTHLY,2025-01-01,2025-01-31,1SSlmkB7gsD,WPP_3116946,GRADE_A,USD, 31.72 ,Y
N200,2025-01-31,MOVING_AVERAGE_MONTHLY,2025-01-01,2025-01-31,1SSlmkB7gsD,WPP_3117814,GRADE_A,USD, 17.03 ,Y
N200,2025-01-31,MOVING_AVERAGE_MONTHLY,2025-01-01,2025-01-31,1SSlmkB7gsD,WPP_3118451,GRADE_A,USD, 14.12 ,Y
N200,2025-01-31,MOVING_AVERAGE_MONTHLY,2025-01-01,2025-01-31,1SSlmkB7gsD,WPP_3116936,GRADE_A,USD, 14.12 ,Y
N200,2025-01-31,MOVING_AVERAGE_MONTHLY,2025-01-01,2025-01-31,1SSlmkB7gsD,WPP_3116894,GRADE_A,USD, 14.12 ,Y
N200,2025-01-31,MOVING_AVERAGE_MONTHLY,2025-01-01,2025-01-31,1SSlmkB7gsD,WPP_3116895,GRADE_A,USD, 14.12 ,Y
N200,2025-01-31,MOVING_AVERAGE_MONTHLY,2025-01-01,2025-01-31,1SSlmkB7gsD,WPP_3117624,GRADE_A,USD, 7.17 ,Y
N200,2025-01-31,MOVING_AVERAGE_MONTHLY,2025-01-01,2025-01-31,1SSlmkB7gsD,WPP_3116938,GRADE_A,USD, 7.16 ,Y
N200,2025-01-31,MOVING_AVERAGE_MONTHLY,2025-01-01,2025-01-31,1SSlmkB7gsD,WPP_3116947,GRADE_A,USD, 7.11 ,Y
N200,2025-01-31,MOVING_AVERAGE_MONTHLY,2025-01-01,2025-01-31,1SSlmkB7gsD,WPP_3116948,GRADE_A,USD, 7.11 ,Y
N200,2025-01-31,MOVING_AVERAGE_MONTHLY,2025-01-01,2025-01-31,1SSlmkB7gsD,WPP_3116874,GRADE_A,USD, 1.43 ,Y
N200,2025-01-31,MOVING_AVERAGE_MONTHLY,2025-01-01,2025-01-31,1SSlmkB7gsD,WPP_3116939,GRADE_A,USD, 1.44 ,Y
N200,2025-01-31,MOVING_AVERAGE_MONTHLY,2025-01-01,2025-01-31,1SSlmkB7gsD,WPP_3116920,GRADE_A,USD, 1.41 ,Y
N200,2025-01-31,MOVING_AVERAGE_MONTHLY,2025-01-01,2025-01-31,1SSlmkB7gsD,WPP_3116922,GRADE_A,USD, 1.41 ,Y
N200,2025-01-31,MOVING_AVERAGE_MONTHLY,2025-01-01,2025-01-31,1SSlmkB7gsD,WPP_3112486,GRADE_A,USD, 2.36 ,Y
N200,2025-01-31,MOVING_AVERAGE_MONTHLY,2025-01-01,2025-01-31,1SSlmkB7gsD,WPP_3116871,GRADE_A,USD, 0.67 ,Y
N200,2025-01-31,MOVING_AVERAGE_MONTHLY,2025-01-01,2025-01-31,1SSlmkB7gsD,WPP_3112475,GRADE_A,USD, 1.51 ,Y
N200,2025-01-31,MOVING_AVERAGE_MONTHLY,2025-01-01,2025-01-31,1SSlmkB7gsD,WPP_3112456,GRADE_A,USD, 0.13 ,Y
N200,2025-01-31,MOVING_AVERAGE_MONTHLY,2025-01-01,2025-01-31,1SSlmkB7gsD,WPP_3117139,GRADE_A,USD, 1.24 ,Y
N200,2025-01-31,MOVING_AVERAGE_MONTHLY,2025-01-01,2025-01-31,1SSlmkB7gsD,WPP_3119604,GRADE_A,USD, 0.67 ,Y
N200,2025-01-31,MOVING_AVERAGE_MONTHLY,2025-01-01,2025-01-31,1SSlmkB7gsD,WPP_3304567,GRADE_A,USD, 1.56 ,Y
N200,2025-01-31,MOVING_AVERAGE_MONTHLY,2025-01-01,2025-01-31,1SSlmkB7gsD,WPP_3104344,GRADE_A,USD, 3.34 ,Y
N200,2025-01-31,MOVING_AVERAGE_MONTHLY,2025-01-01,2025-01-31,1SSlmkB7gsD,WPP_3117772,GRADE_A,USD, 7.68 ,Y
N200,2025-01-31,MOVING_AVERAGE_MONTHLY,2025-01-01,2025-01-31,1SSlmkB7gsD,WPP_3112783,GRADE_A,USD, 2.75 ,Y
N200,2025-01-31,MOVING_AVERAGE_MONTHLY,2025-01-01,2025-01-31,1SSlmkB7gsD,WPP_3104366,GRADE_A,USD, 0.68 ,Y
N200,2025-01-31,MOVING_AVERAGE_MONTHLY,2025-01-01,2025-01-31,1SSlmkB7gsD,WPP_3116968,GRADE_A,USD, 0.80 ,Y
N200,2025-01-31,MOVING_AVERAGE_MONTHLY,2025-01-01,2025-01-31,1SSlmkB7gsD,WPP_3116967,GRADE_A,USD, 0.52 ,Y
N200,2025-01-31,MOVING_AVERAGE_MONTHLY,2025-01-01,2025-01-31,1SSlmkB7gsD,WPP_3116971,GRADE_A,USD, 0.26 ,Y
N200,2025-01-31,MOVING_AVERAGE_MONTHLY,2025-01-01,2025-01-31,1SSlmkB7gsD,WPP_3116852,GRADE_A,USD, 74.97 ,Y
N200,2025-01-31,MOVING_AVERAGE_MONTHLY,2025-01-01,2025-01-31,1SSlmkB7gsD,WPP_3116941,GRADE_A,USD, 1.25 ,Y
N200,2025-01-31,MOVING_AVERAGE_MONTHLY,2025-01-01,2025-01-31,1SSlmkB7gsD,WPP_3111692,GRADE_A,USD, 23.92 ,Y
N200,2025-01-31,MOVING_AVERAGE_MONTHLY,2025-01-01,2025-01-31,1SSlmkB7gsD,WPP_3117185,GRADE_A,USD, 0.24 ,Y
N200,2025-01-31,MOVING_AVERAGE_MONTHLY,2025-01-01,2025-01-31,1SSlmkB7gsD,WPP_3118449,GRADE_A,USD, 2.47 ,Y
N200,2025-01-31,MOVING_AVERAGE_MONTHLY,2025-01-01,2025-01-31,1SSlmkB7gsD,WPP_3116446,GRADE_A,USD, 2.43 ,Y
N200,2025-01-31,MOVING_AVERAGE_MONTHLY,2025-01-01,2025-01-31,1SSlmkB7gsD,WPP_3119190,GRADE_A,USD, 0.39 ,Y
N200,2025-01-31,MOVING_AVERAGE_MONTHLY,2025-01-01,2025-01-31,1SSlmkB7gsD,WPP_3119193,GRADE_A,USD, 3.42 ,Y
N200,2025-01-31,MOVING_AVERAGE_MONTHLY,2025-01-01,2025-01-31,1SSlmkB7gsD,WPP_3119194,GRADE_A,USD, 0.08 ,Y
N200,2025-01-31,MOVING_AVERAGE_MONTHLY,2025-01-01,2025-01-31,1SSlmkB7gsD,WPP_3119195,GRADE_A,USD, 0.34 ,Y
N200,2025-01-31,MOVING_AVERAGE_MONTHLY,2025-01-01,2025-01-31,1SSlmkB7gsD,WPP_3119196,GRADE_A,USD, 15.64 ,Y
N200,2025-01-31,MOVING_AVERAGE_MONTHLY,2025-01-01,2025-01-31,1SSlmkB7gsD,WPP_3119198,GRADE_A,USD, 2.52 ,Y
N200,2025-01-31,MOVING_AVERAGE_MONTHLY,2025-01-01,2025-01-31,1SSlmkB7gsD,WPP_3107013,GRADE_A,USD, 3.53 ,Y
N200,2025-01-31,MOVING_AVERAGE_MONTHLY,2025-01-01,2025-01-31,1SSlmkB7gsD,WPP_3114575,GRADE_A,USD, 9.67 ,Y
N200,2025-01-31,MOVING_AVERAGE_MONTHLY,2025-01-01,2025-01-31,1SSlmkB7gsD,WPP_3119200,GRADE_A,USD, 6.54 ,Y
N200,2025-01-31,MOVING_AVERAGE_MONTHLY,2025-01-01,2025-01-31,1SSlmkB7gsD,WPP_3119203,GRADE_A,USD, 2.95 ,Y
N200,2025-01-31,MOVING_AVERAGE_MONTHLY,2025-01-01,2025-01-31,1SSlmkB7gsD,WPP_3119204,GRADE_A,USD, 3.48 ,Y
N200,2025-01-31,MOVING_AVERAGE_MONTHLY,2025-01-01,2025-01-31,1SSlmkB7gsD,WPP_3119205,GRADE_A,USD, 2.98 ,Y
N200,2025-01-31,MOVING_AVERAGE_MONTHLY,2025-01-01,2025-01-31,1SSlmkB7gsD,WPP_3119206,GRADE_A,USD, 9.72 ,Y
N200,2025-01-31,MOVING_AVERAGE_MONTHLY,2025-01-01,2025-01-31,1SSlmkB7gsD,WPP_3119207,GRADE_A,USD, 3.37 ,Y
N200,2025-01-31,MOVING_AVERAGE_MONTHLY,2025-01-01,2025-01-31,1SSlmkB7gsD,WPP_3119208,GRADE_A,USD, 5.44 ,Y
N200,2025-01-31,MOVING_AVERAGE_MONTHLY,2025-01-01,2025-01-31,1SSlmkB7gsD,WPP_3119209,GRADE_A,USD, 31.67 ,Y
N200,2025-01-31,MOVING_AVERAGE_MONTHLY,2025-01-01,2025-01-31,1SSlmkB7gsD,WPP_3119210,GRADE_A,USD, 0.38 ,Y
N200,2025-01-31,MOVING_AVERAGE_MONTHLY,2025-01-01,2025-01-31,1SSlmkB7gsD,WPP_3119211,GRADE_A,USD, 0.38 ,Y
N200,2025-01-31,MOVING_AVERAGE_MONTHLY,2025-01-01,2025-01-31,1SSlmkB7gsD,WPP_3119212,GRADE_A,USD, 13.43 ,Y
N200,2025-01-31,MOVING_AVERAGE_MONTHLY,2025-01-01,2025-01-31,1SSlmkB7gsD,WPP_3119213,GRADE_A,USD, 11.11 ,Y
N200,2025-01-31,MOVING_AVERAGE_MONTHLY,2025-01-01,2025-01-31,1SSlmkB7gsD,WPP_3119214,GRADE_A,USD, 2.24 ,Y
N200,2025-01-31,MOVING_AVERAGE_MONTHLY,2025-01-01,2025-01-31,1SSlmkB7gsD,WPP_3119215,GRADE_A,USD, 24.16 ,Y
N200,2025-01-31,MOVING_AVERAGE_MONTHLY,2025-01-01,2025-01-31,1SSlmkB7gsD,WPP_3119216,GRADE_A,USD, 10.41 ,Y
N200,2025-01-31,MOVING_AVERAGE_MONTHLY,2025-01-01,2025-01-31,1SSlmkB7gsD,WPP_3119217,GRADE_A,USD, 3.38 ,Y
N200,2025-01-31,MOVING_AVERAGE_MONTHLY,2025-01-01,2025-01-31,1SSlmkB7gsD,WPP_3119218,GRADE_A,USD, 4.12 ,Y
N200,2025-01-31,MOVING_AVERAGE_MONTHLY,2025-01-01,2025-01-31,1SSlmkB7gsD,WPP_3119219,GRADE_A,USD, 4.17 ,Y
N200,2025-01-31,MOVING_AVERAGE_MONTHLY,2025-01-01,2025-01-31,1SSlmkB7gsD,WPP_3119220,GRADE_A,USD, 2.55 ,Y
N200,2025-01-31,MOVING_AVERAGE_MONTHLY,2025-01-01,2025-01-31,1SSlmkB7gsD,WPP_3119221,GRADE_A,USD, 2.98 ,Y
N200,2025-01-31,MOVING_AVERAGE_MONTHLY,2025-01-01,2025-01-31,1SSlmkB7gsD,WPP_3116467,GRADE_A,USD, 1.26 ,Y
N200,2025-01-31,MOVING_AVERAGE_MONTHLY,2025-01-01,2025-01-31,1SSlmkB7gsD,WPP_3118993,GRADE_A,USD, 0.56 ,Y
N200,2025-01-31,MOVING_AVERAGE_MONTHLY,2025-01-01,2025-01-31,1SSlmkB7gsD,WPP_3119224,GRADE_A,USD, 0.23 ,Y
N200,2025-01-31,MOVING_AVERAGE_MONTHLY,2025-01-01,2025-01-31,1SSlmkB7gsD,WPP_3119225,GRADE_A,USD, 0.24 ,Y
N200,2025-01-31,MOVING_AVERAGE_MONTHLY,2025-01-01,2025-01-31,1SSlmkB7gsD,WPP_3119226,GRADE_A,USD, 0.10 ,Y
N200,2025-01-31,MOVING_AVERAGE_MONTHLY,2025-01-01,2025-01-31,1SSlmkB7gsD,WPP_3119227,GRADE_A,USD, 0.73 ,Y
N200,2025-01-31,MOVING_AVERAGE_MONTHLY,2025-01-01,2025-01-31,1SSlmkB7gsD,WPF_113801,GRADE_A,USD, 11.92 ,Y
N200,2025-01-31,MOVING_AVERAGE_MONTHLY,2025-01-01,2025-01-31,1SSlmkB7gsD,WPF_3120505,GRADE_A,USD, 3.87 ,Y
T200,2025-01-31,MOVING_AVERAGE_MONTHLY,2025-01-01,2025-01-31,1SSlmkB7gsD,WP_113729,GRADE_A,USD, 419.26 ,Y
T200,2025-01-31,MOVING_AVERAGE_MONTHLY,2025-01-01,2025-01-31,1SSlmkB7gsD,WP_113627,GRADE_A,USD, 419.26 ,Y
T200,2025-01-31,MOVING_AVERAGE_MONTHLY,2025-01-01,2025-01-31,1SSlmkB7gsD,WP_113786,GRADE_A,USD, 419.26 ,Y
T200,2025-01-31,MOVING_AVERAGE_MONTHLY,2025-01-01,2025-01-31,1SSlmkB7gsD,WP_113785,GRADE_A,USD, 419.26 ,Y
T200,2025-01-31,MOVING_AVERAGE_MONTHLY,2025-01-01,2025-01-31,1SSlmkB7gsD,WP_113727,GRADE_A,USD, 768.66 ,Y
T200,2025-01-31,MOVING_AVERAGE_MONTHLY,2025-01-01,2025-01-31,1SSlmkB7gsD,WP_113713,GRADE_A,USD, 768.66 ,Y
T200,2025-01-31,MOVING_AVERAGE_MONTHLY,2025-01-01,2025-01-31,1SSlmkB7gsD,WP_113637,GRADE_A,USD, 680.01 ,Y
T200,2025-01-31,MOVING_AVERAGE_MONTHLY,2025-01-01,2025-01-31,1SSlmkB7gsD,WP_113782,GRADE_A,USD, 680.01 ,Y
T200,2025-01-31,MOVING_AVERAGE_MONTHLY,2025-01-01,2025-01-31,1SSlmkB7gsD,WP_113781,GRADE_A,USD, 680.01 ,Y
T200,2025-01-31,MOVING_AVERAGE_MONTHLY,2025-01-01,2025-01-31,1SSlmkB7gsD,WP_113783,GRADE_A,USD, 680.01 ,Y
T200,2025-01-31,MOVING_AVERAGE_MONTHLY,2025-01-01,2025-01-31,1SSlmkB7gsD,WP_113725,GRADE_A,USD, 378.07 ,Y
T200,2025-01-31,MOVING_AVERAGE_MONTHLY,2025-01-01,2025-01-31,1SSlmkB7gsD,WP_113643,GRADE_A,USD, 378.07 ,Y
T200,2025-01-31,MOVING_AVERAGE_MONTHLY,2025-01-01,2025-01-31,1SSlmkB7gsD,WP_113792,GRADE_A,USD, 378.07 ,Y
T200,2025-01-31,MOVING_AVERAGE_MONTHLY,2025-01-01,2025-01-31,1SSlmkB7gsD,WP_113793,GRADE_A,USD, 378.07 ,Y
T200,2025-01-31,MOVING_AVERAGE_MONTHLY,2025-01-01,2025-01-31,1SSlmkB7gsD,WP_113780,GRADE_A,USD, 566.36 ,Y
T200,2025-01-31,MOVING_AVERAGE_MONTHLY,2025-01-01,2025-01-31,1SSlmkB7gsD,WP_113784,GRADE_A,USD, 566.36 ,Y
T200,2025-01-31,MOVING_AVERAGE_MONTHLY,2025-01-01,2025-01-31,1SSlmkB7gsD,WP_113816,GRADE_A,USD, 520.71 ,Y
T200,2025-01-31,MOVING_AVERAGE_MONTHLY,2025-01-01,2025-01-31,1SSlmkB7gsD,WP_113818,GRADE_A,USD, 520.71 ,Y
T200,2025-01-31,MOVING_AVERAGE_MONTHLY,2025-01-01,2025-01-31,1SSlmkB7gsD,WP_113820,GRADE_A,USD, 520.71 ,Y
T200,2025-01-31,MOVING_AVERAGE_MONTHLY,2025-01-01,2025-01-31,1SSlmkB7gsD,WP_113819,GRADE_A,USD, 520.71 ,Y
T200,2025-01-31,MOVING_AVERAGE_MONTHLY,2025-01-01,2025-01-31,1SSlmkB7gsD,WPP_3214803,GRADE_A,USD, 4.14 ,Y
T200,2025-01-31,MOVING_AVERAGE_MONTHLY,2025-01-01,2025-01-31,1SSlmkB7gsD,WPP_3114180,GRADE_A,USD, 4.69 ,Y
T200,2025-01-31,MOVING_AVERAGE_MONTHLY,2025-01-01,2025-01-31,1SSlmkB7gsD,WPP_3300181,GRADE_A,USD, 0.68 ,Y
T200,2025-01-31,MOVING_AVERAGE_MONTHLY,2025-01-01,2025-01-31,1SSlmkB7gsD,WPP_3200003,GRADE_A,USD, 0.46 ,Y
T200,2025-01-31,MOVING_AVERAGE_MONTHLY,2025-01-01,2025-01-31,1SSlmkB7gsD,WPP_3103293,GRADE_A,USD, 0.19 ,Y
T200,2025-01-31,MOVING_AVERAGE_MONTHLY,2025-01-01,2025-01-31,1SSlmkB7gsD,WPP_3103300,GRADE_A,USD, 0.19 ,Y
T200,2025-01-31,MOVING_AVERAGE_MONTHLY,2025-01-01,2025-01-31,1SSlmkB7gsD,WPP_3301454,GRADE_A,USD, 0.29 ,Y
T200,2025-01-31,MOVING_AVERAGE_MONTHLY,2025-01-01,2025-01-31,1SSlmkB7gsD,WPP_3112488,GRADE_A,USD, 0.02 ,Y
T200,2025-01-31,MOVING_AVERAGE_MONTHLY,2025-01-01,2025-01-31,1SSlmkB7gsD,WPP_3000004,GRADE_A,USD, 0.01 ,Y
T200,2025-01-31,MOVING_AVERAGE_MONTHLY,2025-01-01,2025-01-31,1SSlmkB7gsD,WPP_3007266,GRADE_A,USD, 0.01 ,Y
T200,2025-01-31,MOVING_AVERAGE_MONTHLY,2025-01-01,2025-01-31,1SSlmkB7gsD,WPP_3304061,GRADE_A,USD, 0.01 ,Y
T200,2025-01-31,MOVING_AVERAGE_MONTHLY,2025-01-01,2025-01-31,1SSlmkB7gsD,WPP_3007265,GRADE_A,USD, 0.02 ,Y
T200,2025-01-31,MOVING_AVERAGE_MONTHLY,2025-01-01,2025-01-31,1SSlmkB7gsD,WPP_3000006,GRADE_A,USD, 0.05 ,Y
T200,2025-01-31,MOVING_AVERAGE_MONTHLY,2025-01-01,2025-01-31,1SSlmkB7gsD,WPP_3000588,GRADE_A,USD, 0.04 ,Y
T200,2025-01-31,MOVING_AVERAGE_MONTHLY,2025-01-01,2025-01-31,1SSlmkB7gsD,WPP_3223893,GRADE_A,USD, 0.57 ,Y
T200,2025-01-31,MOVING_AVERAGE_MONTHLY,2025-01-01,2025-01-31,1SSlmkB7gsD,WPP_3206250,GRADE_A,USD, 0.03 ,Y
T200,2025-01-31,MOVING_AVERAGE_MONTHLY,2025-01-01,2025-01-31,1SSlmkB7gsD,WPP_3302422,GRADE_A,USD, 0.19 ,Y
T200,2025-01-31,MOVING_AVERAGE_MONTHLY,2025-01-01,2025-01-31,1SSlmkB7gsD,WPP_3007264,GRADE_A,USD, 0.01 ,Y
T200,2025-01-31,MOVING_AVERAGE_MONTHLY,2025-01-01,2025-01-31,1SSlmkB7gsD,WPF_113685,GRADE_A,USD, 2.61 ,Y
T200,2025-01-31,MOVING_AVERAGE_MONTHLY,2025-01-01,2025-01-31,1SSlmkB7gsD,WPF_113686,GRADE_A,USD, 42.64 ,Y
T200,2025-01-31,MOVING_AVERAGE_MONTHLY,2025-01-01,2025-01-31,1SSlmkB7gsD,WPF_113689,GRADE_A,USD, 3.83 ,Y
T200,2025-01-31,MOVING_AVERAGE_MONTHLY,2025-01-01,2025-01-31,1SSlmkB7gsD,WPP_3115483,GRADE_A,USD, 0.44 ,Y
T200,2025-01-31,MOVING_AVERAGE_MONTHLY,2025-01-01,2025-01-31,1SSlmkB7gsD,WPP_3115851,GRADE_A,USD, 2.94 ,Y
T200,2025-01-31,MOVING_AVERAGE_MONTHLY,2025-01-01,2025-01-31,1SSlmkB7gsD,WPP_3109833,GRADE_A,USD, 0.28 ,Y
T200,2025-01-31,MOVING_AVERAGE_MONTHLY,2025-01-01,2025-01-31,1SSlmkB7gsD,WPP_3114580,GRADE_A,USD, 1.13 ,Y
T200,2025-01-31,MOVING_AVERAGE_MONTHLY,2025-01-01,2025-01-31,1SSlmkB7gsD,WPP_3114581,GRADE_A,USD, 1.13 ,Y
T200,2025-01-31,MOVING_AVERAGE_MONTHLY,2025-01-01,2025-01-31,1SSlmkB7gsD,WPP_3114576,GRADE_A,USD, 3.94 ,Y
T200,2025-01-31,MOVING_AVERAGE_MONTHLY,2025-01-01,2025-01-31,1SSlmkB7gsD,WPP_3114515,GRADE_A,USD, 1.94 ,Y
T200,2025-01-31,MOVING_AVERAGE_MONTHLY,2025-01-01,2025-01-31,1SSlmkB7gsD,WPP_3114516,GRADE_A,USD, 2.18 ,Y
T200,2025-01-31,MOVING_AVERAGE_MONTHLY,2025-01-01,2025-01-31,1SSlmkB7gsD,WPP_3114517,GRADE_A,USD, 1.81 ,Y
T200,2025-01-31,MOVING_AVERAGE_MONTHLY,2025-01-01,2025-01-31,1SSlmkB7gsD,WPP_3114518,GRADE_A,USD, 2.94 ,Y
T200,2025-01-31,MOVING_AVERAGE_MONTHLY,2025-01-01,2025-01-31,1SSlmkB7gsD,WPP_3115618,GRADE_A,USD, 5.37 ,Y
T200,2025-01-31,MOVING_AVERAGE_MONTHLY,2025-01-01,2025-01-31,1SSlmkB7gsD,WPP_3115488,GRADE_A,USD, 25.03 ,Y
T200,2025-01-31,MOVING_AVERAGE_MONTHLY,2025-01-01,2025-01-31,1SSlmkB7gsD,WPP_3212800,GRADE_A,USD, 0.51 ,Y
T200,2025-01-31,MOVING_AVERAGE_MONTHLY,2025-01-01,2025-01-31,1SSlmkB7gsD,WPP_3114527,GRADE_A,USD, 1.35 ,Y
T200,2025-01-31,MOVING_AVERAGE_MONTHLY,2025-01-01,2025-01-31,1SSlmkB7gsD,WPP_3114528,GRADE_A,USD, 10.58 ,Y
T200,2025-01-31,MOVING_AVERAGE_MONTHLY,2025-01-01,2025-01-31,1SSlmkB7gsD,WPP_3115489,GRADE_A,USD, 0.21 ,Y
T200,2025-01-31,MOVING_AVERAGE_MONTHLY,2025-01-01,2025-01-31,1SSlmkB7gsD,WPP_3114555,GRADE_A,USD, 0.53 ,Y
T200,2025-01-31,MOVING_AVERAGE_MONTHLY,2025-01-01,2025-01-31,1SSlmkB7gsD,WPP_3114532,GRADE_A,USD, 1.89 ,Y
T200,2025-01-31,MOVING_AVERAGE_MONTHLY,2025-01-01,2025-01-31,1SSlmkB7gsD,WPP_3114533,GRADE_A,USD, 4.74 ,Y
T200,2025-01-31,MOVING_AVERAGE_MONTHLY,2025-01-01,2025-01-31,1SSlmkB7gsD,WPP_3114534,GRADE_A,USD, 3.60 ,Y
T200,2025-01-31,MOVING_AVERAGE_MONTHLY,2025-01-01,2025-01-31,1SSlmkB7gsD,WPP_3114535,GRADE_A,USD, 0.62 ,Y
T200,2025-01-31,MOVING_AVERAGE_MONTHLY,2025-01-01,2025-01-31,1SSlmkB7gsD,WPP_3115490,GRADE_A,USD, 0.90 ,Y
T200,2025-01-31,MOVING_AVERAGE_MONTHLY,2025-01-01,2025-01-31,1SSlmkB7gsD,WPP_3301869,GRADE_A,USD, 0.29 ,Y
T200,2025-01-31,MOVING_AVERAGE_MONTHLY,2025-01-01,2025-01-31,1SSlmkB7gsD,WPP_3115338,GRADE_A,USD, 9.67 ,Y
T200,2025-01-31,MOVING_AVERAGE_MONTHLY,2025-01-01,2025-01-31,1SSlmkB7gsD,WPP_3115853,GRADE_A,USD, 3.16 ,Y
T200,2025-01-31,MOVING_AVERAGE_MONTHLY,2025-01-01,2025-01-31,1SSlmkB7gsD,WPP_3114542,GRADE_A,USD, 3.84 ,Y
T200,2025-01-31,MOVING_AVERAGE_MONTHLY,2025-01-01,2025-01-31,1SSlmkB7gsD,WPP_3114574,GRADE_A,USD, 24.44 ,Y
T200,2025-01-31,MOVING_AVERAGE_MONTHLY,2025-01-01,2025-01-31,1SSlmkB7gsD,WPP_3114572,GRADE_A,USD, 26.93 ,Y
T200,2025-01-31,MOVING_AVERAGE_MONTHLY,2025-01-01,2025-01-31,1SSlmkB7gsD,WPP_3114551,GRADE_A,USD, 4.94 ,Y
T200,2025-01-31,MOVING_AVERAGE_MONTHLY,2025-01-01,2025-01-31,1SSlmkB7gsD,WPP_3115287,GRADE_A,USD, 4.94 ,Y
T200,2025-01-31,MOVING_AVERAGE_MONTHLY,2025-01-01,2025-01-31,1SSlmkB7gsD,WPP_3116196,GRADE_A,USD, 4.94 ,Y
T200,2025-01-31,MOVING_AVERAGE_MONTHLY,2025-01-01,2025-01-31,1SSlmkB7gsD,WPP_3116197,GRADE_A,USD, 4.94 ,Y
T200,2025-01-31,MOVING_AVERAGE_MONTHLY,2025-01-01,2025-01-31,1SSlmkB7gsD,WPP_3100961,GRADE_A,USD, 0.73 ,Y
T200,2025-01-31,MOVING_AVERAGE_MONTHLY,2025-01-01,2025-01-31,1SSlmkB7gsD,WPP_3100960,GRADE_A,USD, 0.72 ,Y
T200,2025-01-31,MOVING_AVERAGE_MONTHLY,2025-01-01,2025-01-31,1SSlmkB7gsD,WPP_3103750,GRADE_A,USD, 1.44 ,Y
T200,2025-01-31,MOVING_AVERAGE_MONTHLY,2025-01-01,2025-01-31,1SSlmkB7gsD,WPP_3115854,GRADE_A,USD, 3.53 ,Y
T200,2025-01-31,MOVING_AVERAGE_MONTHLY,2025-01-01,2025-01-31,1SSlmkB7gsD,WPP_3115855,GRADE_A,USD, 0.35 ,Y
T200,2025-01-31,MOVING_AVERAGE_MONTHLY,2025-01-01,2025-01-31,1SSlmkB7gsD,WPP_3114541,GRADE_A,USD, 1.20 ,Y
T200,2025-01-31,MOVING_AVERAGE_MONTHLY,2025-01-01,2025-01-31,1SSlmkB7gsD,WPP_3115392,GRADE_A,USD, 1.20 ,Y
T200,2025-01-31,MOVING_AVERAGE_MONTHLY,2025-01-01,2025-01-31,1SSlmkB7gsD,WPP_3116172,GRADE_A,USD, 1.20 ,Y
T200,2025-01-31,MOVING_AVERAGE_MONTHLY,2025-01-01,2025-01-31,1SSlmkB7gsD,WPP_3116174,GRADE_A,USD, 1.20 ,Y
T200,2025-01-31,MOVING_AVERAGE_MONTHLY,2025-01-01,2025-01-31,1SSlmkB7gsD,WPP_3116225,GRADE_A,USD, 11.57 ,Y
T200,2025-01-31,MOVING_AVERAGE_MONTHLY,2025-01-01,2025-01-31,1SSlmkB7gsD,WPP_3116163,GRADE_A,USD, 11.57 ,Y
T200,2025-01-31,MOVING_AVERAGE_MONTHLY,2025-01-01,2025-01-31,1SSlmkB7gsD,WPP_3116167,GRADE_A,USD, 11.57 ,Y
T200,2025-01-31,MOVING_AVERAGE_MONTHLY,2025-01-01,2025-01-31,1SSlmkB7gsD,WPP_3116168,GRADE_A,USD, 11.57 ,Y
T200,2025-01-31,MOVING_AVERAGE_MONTHLY,2025-01-01,2025-01-31,1SSlmkB7gsD,WPP_3114546,GRADE_A,USD, 12.05 ,Y
T200,2025-01-31,MOVING_AVERAGE_MONTHLY,2025-01-01,2025-01-31,1SSlmkB7gsD,WPP_3115279,GRADE_A,USD, 12.05 ,Y
T200,2025-01-31,MOVING_AVERAGE_MONTHLY,2025-01-01,2025-01-31,1SSlmkB7gsD,WPP_3116175,GRADE_A,USD, 12.05 ,Y
T200,2025-01-31,MOVING_AVERAGE_MONTHLY,2025-01-01,2025-01-31,1SSlmkB7gsD,WPP_3116176,GRADE_A,USD, 12.05 ,Y
T200,2025-01-31,MOVING_AVERAGE_MONTHLY,2025-01-01,2025-01-31,1SSlmkB7gsD,WPP_3114547,GRADE_A,USD, 8.95 ,Y
T200,2025-01-31,MOVING_AVERAGE_MONTHLY,2025-01-01,2025-01-31,1SSlmkB7gsD,WPP_3115281,GRADE_A,USD, 10.35 ,Y
T200,2025-01-31,MOVING_AVERAGE_MONTHLY,2025-01-01,2025-01-31,1SSlmkB7gsD,WPP_3116178,GRADE_A,USD, 10.35 ,Y
T200,2025-01-31,MOVING_AVERAGE_MONTHLY,2025-01-01,2025-01-31,1SSlmkB7gsD,WPP_3116183,GRADE_A,USD, 10.35 ,Y
T200,2025-01-31,MOVING_AVERAGE_MONTHLY,2025-01-01,2025-01-31,1SSlmkB7gsD,WPP_3114549,GRADE_A,USD, 9.68 ,Y
T200,2025-01-31,MOVING_AVERAGE_MONTHLY,2025-01-01,2025-01-31,1SSlmkB7gsD,WPP_3115283,GRADE_A,USD, 9.68 ,Y
T200,2025-01-31,MOVING_AVERAGE_MONTHLY,2025-01-01,2025-01-31,1SSlmkB7gsD,WPP_3116191,GRADE_A,USD, 9.68 ,Y
T200,2025-01-31,MOVING_AVERAGE_MONTHLY,2025-01-01,2025-01-31,1SSlmkB7gsD,WPP_3116192,GRADE_A,USD, 9.68 ,Y
T200,2025-01-31,MOVING_AVERAGE_MONTHLY,2025-01-01,2025-01-31,1SSlmkB7gsD,WPP_3114550,GRADE_A,USD, 18.25 ,Y
T200,2025-01-31,MOVING_AVERAGE_MONTHLY,2025-01-01,2025-01-31,1SSlmkB7gsD,WPP_3115285,GRADE_A,USD, 18.25 ,Y
T200,2025-01-31,MOVING_AVERAGE_MONTHLY,2025-01-01,2025-01-31,1SSlmkB7gsD,WPP_3116193,GRADE_A,USD, 18.25 ,Y
T200,2025-01-31,MOVING_AVERAGE_MONTHLY,2025-01-01,2025-01-31,1SSlmkB7gsD,WPP_3116194,GRADE_A,USD, 18.25 ,Y
T200,2025-01-31,MOVING_AVERAGE_MONTHLY,2025-01-01,2025-01-31,1SSlmkB7gsD,WPP_3114552,GRADE_A,USD, 1.20 ,Y
T200,2025-01-31,MOVING_AVERAGE_MONTHLY,2025-01-01,2025-01-31,1SSlmkB7gsD,WPP_3115289,GRADE_A,USD, 1.20 ,Y
T200,2025-01-31,MOVING_AVERAGE_MONTHLY,2025-01-01,2025-01-31,1SSlmkB7gsD,WPP_3116198,GRADE_A,USD, 1.20 ,Y
T200,2025-01-31,MOVING_AVERAGE_MONTHLY,2025-01-01,2025-01-31,1SSlmkB7gsD,WPP_3116199,GRADE_A,USD, 1.20 ,Y
T200,2025-01-31,MOVING_AVERAGE_MONTHLY,2025-01-01,2025-01-31,1SSlmkB7gsD,WPP_3114108,GRADE_A,USD, 1.47 ,Y
T200,2025-01-31,MOVING_AVERAGE_MONTHLY,2025-01-01,2025-01-31,1SSlmkB7gsD,WPP_3117012,GRADE_A,USD, 5.94 ,Y
T200,2025-01-31,MOVING_AVERAGE_MONTHLY,2025-01-01,2025-01-31,1SSlmkB7gsD,WPP_3113639,GRADE_A,USD, 4.14 ,Y
T200,2025-01-31,MOVING_AVERAGE_MONTHLY,2025-01-01,2025-01-31,1SSlmkB7gsD,WPP_3306112,GRADE_A,USD, 0.90 ,Y
T200,2025-01-31,MOVING_AVERAGE_MONTHLY,2025-01-01,2025-01-31,1SSlmkB7gsD,WPP_3116969,GRADE_A,USD, 0.88 ,Y
T200,2025-01-31,MOVING_AVERAGE_MONTHLY,2025-01-01,2025-01-31,1SSlmkB7gsD,WPP_3118919,GRADE_A,USD, 1.16 ,Y
T200,2025-01-31,MOVING_AVERAGE_MONTHLY,2025-01-01,2025-01-31,1SSlmkB7gsD,WPP_3117646,GRADE_A,USD, 3.90 ,Y
T200,2025-01-31,MOVING_AVERAGE_MONTHLY,2025-01-01,2025-01-31,1SSlmkB7gsD,WPP_3118921,GRADE_A,USD, 3.99 ,Y
T200,2025-01-31,MOVING_AVERAGE_MONTHLY,2025-01-01,2025-01-31,1SSlmkB7gsD,WPP_3118922,GRADE_A,USD, 0.71 ,Y
T200,2025-01-31,MOVING_AVERAGE_MONTHLY,2025-01-01,2025-01-31,1SSlmkB7gsD,WPP_3111501,GRADE_A,USD, 1.17 ,Y
T200,2025-01-31,MOVING_AVERAGE_MONTHLY,2025-01-01,2025-01-31,1SSlmkB7gsD,WPF_114016,GRADE_A,USD, 10.00 ,Y
T200,2025-01-31,MOVING_AVERAGE_MONTHLY,2025-01-01,2025-01-31,1SSlmkB7gsD,WPP_3116710,GRADE_A,USD, 0.44 ,Y
T200,2025-01-31,MOVING_AVERAGE_MONTHLY,2025-01-01,2025-01-31,1SSlmkB7gsD,WPP_3117064,GRADE_A,USD, 4.88 ,Y
T200,2025-01-31,MOVING_AVERAGE_MONTHLY,2025-01-01,2025-01-31,1SSlmkB7gsD,WPP_3114579,GRADE_A,USD, 1.31 ,Y
T200,2025-01-31,MOVING_AVERAGE_MONTHLY,2025-01-01,2025-01-31,1SSlmkB7gsD,WPP_3117066,GRADE_A,USD, 0.09 ,Y
T200,2025-01-31,MOVING_AVERAGE_MONTHLY,2025-01-01,2025-01-31,1SSlmkB7gsD,WPP_3117121,GRADE_A,USD, 4.51 ,Y
T200,2025-01-31,MOVING_AVERAGE_MONTHLY,2025-01-01,2025-01-31,1SSlmkB7gsD,WPP_3117122,GRADE_A,USD, 4.46 ,Y
T200,2025-01-31,MOVING_AVERAGE_MONTHLY,2025-01-01,2025-01-31,1SSlmkB7gsD,WPP_3117123,GRADE_A,USD, 4.41 ,Y
T200,2025-01-31,MOVING_AVERAGE_MONTHLY,2025-01-01,2025-01-31,1SSlmkB7gsD,WPP_3117067,GRADE_A,USD, 9.73 ,Y
T200,2025-01-31,MOVING_AVERAGE_MONTHLY,2025-01-01,2025-01-31,1SSlmkB7gsD,WPP_3117068,GRADE_A,USD, 22.06 ,Y
T200,2025-01-31,MOVING_AVERAGE_MONTHLY,2025-01-01,2025-01-31,1SSlmkB7gsD,WPP_3117069,GRADE_A,USD, 22.06 ,Y
T200,2025-01-31,MOVING_AVERAGE_MONTHLY,2025-01-01,2025-01-31,1SSlmkB7gsD,WPP_3116177,GRADE_A,USD, 5.49 ,Y
T200,2025-01-31,MOVING_AVERAGE_MONTHLY,2025-01-01,2025-01-31,1SSlmkB7gsD,WPP_3116157,GRADE_A,USD, 15.11 ,Y
T200,2025-01-31,MOVING_AVERAGE_MONTHLY,2025-01-01,2025-01-31,1SSlmkB7gsD,WPP_3117070,GRADE_A,USD, 0.30 ,Y
T200,2025-01-31,MOVING_AVERAGE_MONTHLY,2025-01-01,2025-01-31,1SSlmkB7gsD,WPP_3116162,GRADE_A,USD, 9.50 ,Y
T200,2025-01-31,MOVING_AVERAGE_MONTHLY,2025-01-01,2025-01-31,1SSlmkB7gsD,WPP_3113677,GRADE_A,USD, 4.67 ,Y
T200,2025-01-31,MOVING_AVERAGE_MONTHLY,2025-01-01,2025-01-31,1SSlmkB7gsD,WPP_3116272,GRADE_A,USD, 5.50 ,Y
T200,2025-01-31,MOVING_AVERAGE_MONTHLY,2025-01-01,2025-01-31,1SSlmkB7gsD,WPP_3117071,GRADE_A,USD, 6.27 ,Y
T200,2025-01-31,MOVING_AVERAGE_MONTHLY,2025-01-01,2025-01-31,1SSlmkB7gsD,WPP_3117073,GRADE_A,USD, 3.29 ,Y
T200,2025-01-31,MOVING_AVERAGE_MONTHLY,2025-01-01,2025-01-31,1SSlmkB7gsD,WPP_3117124,GRADE_A,USD, 41.13 ,Y
T200,2025-01-31,MOVING_AVERAGE_MONTHLY,2025-01-01,2025-01-31,1SSlmkB7gsD,WPP_3115773,GRADE_A,USD, 0.94 ,Y
T200,2025-01-31,MOVING_AVERAGE_MONTHLY,2025-01-01,2025-01-31,1SSlmkB7gsD,WPP_3117074,GRADE_A,USD, 0.60 ,Y
T200,2025-01-31,MOVING_AVERAGE_MONTHLY,2025-01-01,2025-01-31,1SSlmkB7gsD,WPP_3117075,GRADE_A,USD, 7.71 ,Y
T200,2025-01-31,MOVING_AVERAGE_MONTHLY,2025-01-01,2025-01-31,1SSlmkB7gsD,WPP_3117076,GRADE_A,USD, 0.71 ,Y
T200,2025-01-31,MOVING_AVERAGE_MONTHLY,2025-01-01,2025-01-31,1SSlmkB7gsD,WPP_3117077,GRADE_A,USD, 0.69 ,Y
T200,2025-01-31,MOVING_AVERAGE_MONTHLY,2025-01-01,2025-01-31,1SSlmkB7gsD,WPP_3117078,GRADE_A,USD, 0.62 ,Y
T200,2025-01-31,MOVING_AVERAGE_MONTHLY,2025-01-01,2025-01-31,1SSlmkB7gsD,WPP_3116088,GRADE_A,USD, 15.77 ,Y
T200,2025-01-31,MOVING_AVERAGE_MONTHLY,2025-01-01,2025-01-31,1SSlmkB7gsD,WPP_3116156,GRADE_A,USD, 12.39 ,Y
T200,2025-01-31,MOVING_AVERAGE_MONTHLY,2025-01-01,2025-01-31,1SSlmkB7gsD,WPP_3116092,GRADE_A,USD, 4.17 ,Y
T200,2025-01-31,MOVING_AVERAGE_MONTHLY,2025-01-01,2025-01-31,1SSlmkB7gsD,WPP_3117082,GRADE_A,USD, 0.50 ,Y
T200,2025-01-31,MOVING_AVERAGE_MONTHLY,2025-01-01,2025-01-31,1SSlmkB7gsD,WPP_3116117,GRADE_A,USD, 5.21 ,Y
T200,2025-01-31,MOVING_AVERAGE_MONTHLY,2025-01-01,2025-01-31,1SSlmkB7gsD,WPP_3117083,GRADE_A,USD, 0.75 ,Y
T200,2025-01-31,MOVING_AVERAGE_MONTHLY,2025-01-01,2025-01-31,1SSlmkB7gsD,WPP_3117084,GRADE_A,USD, 3.47 ,Y
T200,2025-01-31,MOVING_AVERAGE_MONTHLY,2025-01-01,2025-01-31,1SSlmkB7gsD,WPP_3117089,GRADE_A,USD, 11.96 ,Y
T200,2025-01-31,MOVING_AVERAGE_MONTHLY,2025-01-01,2025-01-31,1SSlmkB7gsD,WPP_3117090,GRADE_A,USD, 26.51 ,Y
T200,2025-01-31,MOVING_AVERAGE_MONTHLY,2025-01-01,2025-01-31,1SSlmkB7gsD,WPP_3117091,GRADE_A,USD, 19.09 ,Y
T200,2025-01-31,MOVING_AVERAGE_MONTHLY,2025-01-01,2025-01-31,1SSlmkB7gsD,WPP_3117092,GRADE_A,USD, 25.05 ,Y
T200,2025-01-31,MOVING_AVERAGE_MONTHLY,2025-01-01,2025-01-31,1SSlmkB7gsD,WPP_3117093,GRADE_A,USD, 3.17 ,Y
T200,2025-01-31,MOVING_AVERAGE_MONTHLY,2025-01-01,2025-01-31,1SSlmkB7gsD,WPP_3117094,GRADE_A,USD, 5.63 ,Y
T200,2025-01-31,MOVING_AVERAGE_MONTHLY,2025-01-01,2025-01-31,1SSlmkB7gsD,WPP_3117095,GRADE_A,USD, 1.32 ,Y
T200,2025-01-31,MOVING_AVERAGE_MONTHLY,2025-01-01,2025-01-31,1SSlmkB7gsD,WPP_3117557,GRADE_A,USD, 18.06 ,Y
T200,2025-01-31,MOVING_AVERAGE_MONTHLY,2025-01-01,2025-01-31,1SSlmkB7gsD,WPP_3117096,GRADE_A,USD, 4.67 ,Y
T200,2025-01-31,MOVING_AVERAGE_MONTHLY,2025-01-01,2025-01-31,1SSlmkB7gsD,WPP_3117097,GRADE_A,USD, 3.80 ,Y
T200,2025-01-31,MOVING_AVERAGE_MONTHLY,2025-01-01,2025-01-31,1SSlmkB7gsD,WPP_3117098,GRADE_A,USD, 3.25 ,Y
T200,2025-01-31,MOVING_AVERAGE_MONTHLY,2025-01-01,2025-01-31,1SSlmkB7gsD,WPP_3117099,GRADE_A,USD, 3.25 ,Y
T200,2025-01-31,MOVING_AVERAGE_MONTHLY,2025-01-01,2025-01-31,1SSlmkB7gsD,WPP_3117100,GRADE_A,USD, 4.49 ,Y
T200,2025-01-31,MOVING_AVERAGE_MONTHLY,2025-01-01,2025-01-31,1SSlmkB7gsD,WPP_3117101,GRADE_A,USD, 4.51 ,Y
T200,2025-01-31,MOVING_AVERAGE_MONTHLY,2025-01-01,2025-01-31,1SSlmkB7gsD,WPP_3117102,GRADE_A,USD, 4.06 ,Y
T200,2025-01-31,MOVING_AVERAGE_MONTHLY,2025-01-01,2025-01-31,1SSlmkB7gsD,WPP_3117103,GRADE_A,USD, 4.08 ,Y
T200,2025-01-31,MOVING_AVERAGE_MONTHLY,2025-01-01,2025-01-31,1SSlmkB7gsD,WPP_3117104,GRADE_A,USD, 10.82 ,Y
T200,2025-01-31,MOVING_AVERAGE_MONTHLY,2025-01-01,2025-01-31,1SSlmkB7gsD,WPP_3117105,GRADE_A,USD, 10.82 ,Y
T200,2025-01-31,MOVING_AVERAGE_MONTHLY,2025-01-01,2025-01-31,1SSlmkB7gsD,WPP_3117106,GRADE_A,USD, 28.31 ,Y
T200,2025-01-31,MOVING_AVERAGE_MONTHLY,2025-01-01,2025-01-31,1SSlmkB7gsD,WPP_3117107,GRADE_A,USD, 28.31 ,Y
T200,2025-01-31,MOVING_AVERAGE_MONTHLY,2025-01-01,2025-01-31,1SSlmkB7gsD,WPP_3117108,GRADE_A,USD, 32.59 ,Y
T200,2025-01-31,MOVING_AVERAGE_MONTHLY,2025-01-01,2025-01-31,1SSlmkB7gsD,WPP_3113928,GRADE_A,USD, 1.57 ,Y
T200,2025-01-31,MOVING_AVERAGE_MONTHLY,2025-01-01,2025-01-31,1SSlmkB7gsD,WPP_3117109,GRADE_A,USD, 14.20 ,Y
T200,2025-01-31,MOVING_AVERAGE_MONTHLY,2025-01-01,2025-01-31,1SSlmkB7gsD,WPP_3117110,GRADE_A,USD, 14.20 ,Y
T200,2025-01-31,MOVING_AVERAGE_MONTHLY,2025-01-01,2025-01-31,1SSlmkB7gsD,WPP_3117111,GRADE_A,USD, 16.08 ,Y
T200,2025-01-31,MOVING_AVERAGE_MONTHLY,2025-01-01,2025-01-31,1SSlmkB7gsD,WPP_3117112,GRADE_A,USD, 16.06 ,Y
T200,2025-01-31,MOVING_AVERAGE_MONTHLY,2025-01-01,2025-01-31,1SSlmkB7gsD,WPP_3117113,GRADE_A,USD, 12.12 ,Y
T200,2025-01-31,MOVING_AVERAGE_MONTHLY,2025-01-01,2025-01-31,1SSlmkB7gsD,WPP_3117114,GRADE_A,USD, 12.28 ,Y
T200,2025-01-31,MOVING_AVERAGE_MONTHLY,2025-01-01,2025-01-31,1SSlmkB7gsD,WPP_3117115,GRADE_A,USD, 2.49 ,Y
T200,2025-01-31,MOVING_AVERAGE_MONTHLY,2025-01-01,2025-01-31,1SSlmkB7gsD,WPP_3117116,GRADE_A,USD, 2.49 ,Y
T200,2025-01-31,MOVING_AVERAGE_MONTHLY,2025-01-01,2025-01-31,1SSlmkB7gsD,WPP_3117117,GRADE_A,USD, 11.71 ,Y
T200,2025-01-31,MOVING_AVERAGE_MONTHLY,2025-01-01,2025-01-31,1SSlmkB7gsD,WPP_3100092,GRADE_A,USD, 0.72 ,Y
T200,2025-01-31,MOVING_AVERAGE_MONTHLY,2025-01-01,2025-01-31,1SSlmkB7gsD,WPP_3100101,GRADE_A,USD, 0.78 ,Y
T200,2025-01-31,MOVING_AVERAGE_MONTHLY,2025-01-01,2025-01-31,1SSlmkB7gsD,WPP_3117118,GRADE_A,USD, 2.23 ,Y
T200,2025-01-31,MOVING_AVERAGE_MONTHLY,2025-01-01,2025-01-31,1SSlmkB7gsD,WPP_3119591,GRADE_A,USD, 4.77 ,Y
T200,2025-01-31,MOVING_AVERAGE_MONTHLY,2025-01-01,2025-01-31,1SSlmkB7gsD,WPP_3117926,GRADE_A,USD, 1.15 ,Y
T200,2025-01-31,MOVING_AVERAGE_MONTHLY,2025-01-01,2025-01-31,1SSlmkB7gsD,WPP_3117929,GRADE_A,USD, 1.15 ,Y
T200,2025-01-31,MOVING_AVERAGE_MONTHLY,2025-01-01,2025-01-31,1SSlmkB7gsD,WPP_3115632,GRADE_A,USD, 0.62 ,Y
T200,2025-01-31,MOVING_AVERAGE_MONTHLY,2025-01-01,2025-01-31,1SSlmkB7gsD,WPP_3117930,GRADE_A,USD, 0.65 ,Y
T200,2025-01-31,MOVING_AVERAGE_MONTHLY,2025-01-01,2025-01-31,1SSlmkB7gsD,WPP_3117931,GRADE_A,USD, 3.29 ,Y
T200,2025-01-31,MOVING_AVERAGE_MONTHLY,2025-01-01,2025-01-31,1SSlmkB7gsD,WPP_3118815,GRADE_A,USD, 1.00 ,Y
T200,2025-01-31,MOVING_AVERAGE_MONTHLY,2025-01-01,2025-01-31,1SSlmkB7gsD,WPP_3118822,GRADE_A,USD, 2.56 ,Y
T200,2025-01-31,MOVING_AVERAGE_MONTHLY,2025-01-01,2025-01-31,1SSlmkB7gsD,WPP_3118824,GRADE_A,USD, 2.56 ,Y
T200,2025-01-31,MOVING_AVERAGE_MONTHLY,2025-01-01,2025-01-31,1SSlmkB7gsD,WPP_3119965,GRADE_A,USD, 4.69 ,Y
T200,2025-01-31,MOVING_AVERAGE_MONTHLY,2025-01-01,2025-01-31,1SSlmkB7gsD,WPF_113971,GRADE_A,USD, 2.61 ,Y
T200,2025-01-31,MOVING_AVERAGE_MONTHLY,2025-01-01,2025-01-31,1SSlmkB7gsD,WPF_113973,GRADE_A,USD, 8.86 ,Y
T200,2025-01-31,MOVING_AVERAGE_MONTHLY,2025-01-01,2025-01-31,1SSlmkB7gsD,WPF_113974,GRADE_A,USD, 1.86 ,Y
T200,2025-01-31,MOVING_AVERAGE_MONTHLY,2025-01-01,2025-01-31,1SSlmkB7gsD,WPP_3115744,GRADE_A,USD, 144.81 ,Y
T200,2025-01-31,MOVING_AVERAGE_MONTHLY,2025-01-01,2025-01-31,1SSlmkB7gsD,WPP_3116376,GRADE_A,USD, 144.81 ,Y
T200,2025-01-31,MOVING_AVERAGE_MONTHLY,2025-01-01,2025-01-31,1SSlmkB7gsD,WPP_3116377,GRADE_A,USD, 144.81 ,Y
T200,2025-01-31,MOVING_AVERAGE_MONTHLY,2025-01-01,2025-01-31,1SSlmkB7gsD,WPP_3116378,GRADE_A,USD, 144.81 ,Y
T200,2025-01-31,MOVING_AVERAGE_MONTHLY,2025-01-01,2025-01-31,1SSlmkB7gsD,WPP_3115945,GRADE_A,USD, 1.95 ,Y
T200,2025-01-31,MOVING_AVERAGE_MONTHLY,2025-01-01,2025-01-31,1SSlmkB7gsD,WPP_3116550,GRADE_A,USD, 1.95 ,Y
T200,2025-01-31,MOVING_AVERAGE_MONTHLY,2025-01-01,2025-01-31,1SSlmkB7gsD,WPP_3116551,GRADE_A,USD, 1.95 ,Y
T200,2025-01-31,MOVING_AVERAGE_MONTHLY,2025-01-01,2025-01-31,1SSlmkB7gsD,WPP_3116552,GRADE_A,USD, 1.95 ,Y
T200,2025-01-31,MOVING_AVERAGE_MONTHLY,2025-01-01,2025-01-31,1SSlmkB7gsD,WPP_3115947,GRADE_A,USD, 2.38 ,Y
T200,2025-01-31,MOVING_AVERAGE_MONTHLY,2025-01-01,2025-01-31,1SSlmkB7gsD,WPP_3115953,GRADE_A,USD, 0.35 ,Y
T200,2025-01-31,MOVING_AVERAGE_MONTHLY,2025-01-01,2025-01-31,1SSlmkB7gsD,WPP_3116563,GRADE_A,USD, 0.35 ,Y
T200,2025-01-31,MOVING_AVERAGE_MONTHLY,2025-01-01,2025-01-31,1SSlmkB7gsD,WPP_3116564,GRADE_A,USD, 0.35 ,Y
T200,2025-01-31,MOVING_AVERAGE_MONTHLY,2025-01-01,2025-01-31,1SSlmkB7gsD,WPP_3116565,GRADE_A,USD, 0.35 ,Y
T200,2025-01-31,MOVING_AVERAGE_MONTHLY,2025-01-01,2025-01-31,1SSlmkB7gsD,WPP_3115745,GRADE_A,USD, 10.51 ,Y
T200,2025-01-31,MOVING_AVERAGE_MONTHLY,2025-01-01,2025-01-31,1SSlmkB7gsD,WPP_3115746,GRADE_A,USD, 2.79 ,Y
T200,2025-01-31,MOVING_AVERAGE_MONTHLY,2025-01-01,2025-01-31,1SSlmkB7gsD,WPP_3115747,GRADE_A,USD, 5.05 ,Y
T200,2025-01-31,MOVING_AVERAGE_MONTHLY,2025-01-01,2025-01-31,1SSlmkB7gsD,WPP_3110757,GRADE_A,USD, 3.91 ,Y
T200,2025-01-31,MOVING_AVERAGE_MONTHLY,2025-01-01,2025-01-31,1SSlmkB7gsD,WPP_3117125,GRADE_A,USD, 0.46 ,Y
T200,2025-01-31,MOVING_AVERAGE_MONTHLY,2025-01-01,2025-01-31,1SSlmkB7gsD,WPP_3115938,GRADE_A,USD, 3.74 ,Y
T200,2025-01-31,MOVING_AVERAGE_MONTHLY,2025-01-01,2025-01-31,1SSlmkB7gsD,WPP_3110075,GRADE_A,USD, 0.98 ,Y
T200,2025-01-31,MOVING_AVERAGE_MONTHLY,2025-01-01,2025-01-31,1SSlmkB7gsD,WPP_3115748,GRADE_A,USD, 19.94 ,Y
T200,2025-01-31,MOVING_AVERAGE_MONTHLY,2025-01-01,2025-01-31,1SSlmkB7gsD,WPP_3117126,GRADE_A,USD, 2.38 ,Y
T200,2025-01-31,MOVING_AVERAGE_MONTHLY,2025-01-01,2025-01-31,1SSlmkB7gsD,WPP_3104607,GRADE_A,USD, 1.08 ,Y
T200,2025-01-31,MOVING_AVERAGE_MONTHLY,2025-01-01,2025-01-31,1SSlmkB7gsD,WPP_3115875,GRADE_A,USD, 2.93 ,Y
T200,2025-01-31,MOVING_AVERAGE_MONTHLY,2025-01-01,2025-01-31,1SSlmkB7gsD,WPP_3115749,GRADE_A,USD, 2.82 ,Y
T200,2025-01-31,MOVING_AVERAGE_MONTHLY,2025-01-01,2025-01-31,1SSlmkB7gsD,WPP_3107637,GRADE_A,USD, 3.24 ,Y
T200,2025-01-31,MOVING_AVERAGE_MONTHLY,2025-01-01,2025-01-31,1SSlmkB7gsD,WPP_3119372,GRADE_A,USD, 2.83 ,Y
T200,2025-01-31,MOVING_AVERAGE_MONTHLY,2025-01-01,2025-01-31,1SSlmkB7gsD,WPP_3117127,GRADE_A,USD, 1.66 ,Y
T200,2025-01-31,MOVING_AVERAGE_MONTHLY,2025-01-01,2025-01-31,1SSlmkB7gsD,WPP_3115879,GRADE_A,USD, 40.96 ,Y
T200,2025-01-31,MOVING_AVERAGE_MONTHLY,2025-01-01,2025-01-31,1SSlmkB7gsD,WPP_3115751,GRADE_A,USD, 0.21 ,Y
T200,2025-01-31,MOVING_AVERAGE_MONTHLY,2025-01-01,2025-01-31,1SSlmkB7gsD,WPP_3115753,GRADE_A,USD, 0.22 ,Y
T200,2025-01-31,MOVING_AVERAGE_MONTHLY,2025-01-01,2025-01-31,1SSlmkB7gsD,WPP_3117129,GRADE_A,USD, 1.36 ,Y
T200,2025-01-31,MOVING_AVERAGE_MONTHLY,2025-01-01,2025-01-31,1SSlmkB7gsD,WPP_3117135,GRADE_A,USD, 1.15 ,Y
T200,2025-01-31,MOVING_AVERAGE_MONTHLY,2025-01-01,2025-01-31,1SSlmkB7gsD,WPP_3115774,GRADE_A,USD, 27.14 ,Y
T200,2025-01-31,MOVING_AVERAGE_MONTHLY,2025-01-01,2025-01-31,1SSlmkB7gsD,WPP_3103098,GRADE_A,USD, 0.66 ,Y
T200,2025-01-31,MOVING_AVERAGE_MONTHLY,2025-01-01,2025-01-31,1SSlmkB7gsD,WPP_3213388,GRADE_A,USD, 0.90 ,Y
T200,2025-01-31,MOVING_AVERAGE_MONTHLY,2025-01-01,2025-01-31,1SSlmkB7gsD,WPP_3117136,GRADE_A,USD, 2.26 ,Y
T200,2025-01-31,MOVING_AVERAGE_MONTHLY,2025-01-01,2025-01-31,1SSlmkB7gsD,WPP_3115776,GRADE_A,USD, 5.30 ,Y
T200,2025-01-31,MOVING_AVERAGE_MONTHLY,2025-01-01,2025-01-31,1SSlmkB7gsD,WPP_3115777,GRADE_A,USD, 3.06 ,Y
T200,2025-01-31,MOVING_AVERAGE_MONTHLY,2025-01-01,2025-01-31,1SSlmkB7gsD,WPP_3117138,GRADE_A,USD, 11.88 ,Y
T200,2025-01-31,MOVING_AVERAGE_MONTHLY,2025-01-01,2025-01-31,1SSlmkB7gsD,WPP_3115790,GRADE_A,USD, 2.94 ,Y
T200,2025-01-31,MOVING_AVERAGE_MONTHLY,2025-01-01,2025-01-31,1SSlmkB7gsD,WPP_3115797,GRADE_A,USD, 2.83 ,Y
T200,2025-01-31,MOVING_AVERAGE_MONTHLY,2025-01-01,2025-01-31,1SSlmkB7gsD,WPP_3115799,GRADE_A,USD, 3.35 ,Y
T200,2025-01-31,MOVING_AVERAGE_MONTHLY,2025-01-01,2025-01-31,1SSlmkB7gsD,WPP_3115802,GRADE_A,USD, 0.97 ,Y
T200,2025-01-31,MOVING_AVERAGE_MONTHLY,2025-01-01,2025-01-31,1SSlmkB7gsD,WPP_3113516,GRADE_A,USD, 0.68 ,Y
T200,2025-01-31,MOVING_AVERAGE_MONTHLY,2025-01-01,2025-01-31,1SSlmkB7gsD,WPP_3115803,GRADE_A,USD, 0.11 ,Y
T200,2025-01-31,MOVING_AVERAGE_MONTHLY,2025-01-01,2025-01-31,1SSlmkB7gsD,WPP_3115827,GRADE_A,USD, 0.11 ,Y
T200,2025-01-31,MOVING_AVERAGE_MONTHLY,2025-01-01,2025-01-31,1SSlmkB7gsD,WPP_3117556,GRADE_A,USD, 0.46 ,Y
T200,2025-01-31,MOVING_AVERAGE_MONTHLY,2025-01-01,2025-01-31,1SSlmkB7gsD,WPP_3115801,GRADE_A,USD, 3.87 ,Y
T200,2025-01-31,MOVING_AVERAGE_MONTHLY,2025-01-01,2025-01-31,1SSlmkB7gsD,WPP_3115880,GRADE_A,USD, 3.43 ,Y
T200,2025-01-31,MOVING_AVERAGE_MONTHLY,2025-01-01,2025-01-31,1SSlmkB7gsD,WPP_3115881,GRADE_A,USD, 3.43 ,Y
T200,2025-01-31,MOVING_AVERAGE_MONTHLY,2025-01-01,2025-01-31,1SSlmkB7gsD,WPP_3115806,GRADE_A,USD, 0.77 ,Y
T200,2025-01-31,MOVING_AVERAGE_MONTHLY,2025-01-01,2025-01-31,1SSlmkB7gsD,WPP_3115810,GRADE_A,USD, 19.70 ,Y
T200,2025-01-31,MOVING_AVERAGE_MONTHLY,2025-01-01,2025-01-31,1SSlmkB7gsD,WPP_3115812,GRADE_A,USD, 11.05 ,Y
T200,2025-01-31,MOVING_AVERAGE_MONTHLY,2025-01-01,2025-01-31,1SSlmkB7gsD,WPP_3117558,GRADE_A,USD, 35.52 ,Y
T200,2025-01-31,MOVING_AVERAGE_MONTHLY,2025-01-01,2025-01-31,1SSlmkB7gsD,WPP_3117559,GRADE_A,USD, 3.64 ,Y
T200,2025-01-31,MOVING_AVERAGE_MONTHLY,2025-01-01,2025-01-31,1SSlmkB7gsD,WPP_3115821,GRADE_A,USD, 4.29 ,Y
T200,2025-01-31,MOVING_AVERAGE_MONTHLY,2025-01-01,2025-01-31,1SSlmkB7gsD,WPP_3117561,GRADE_A,USD, 1.22 ,Y
T200,2025-01-31,MOVING_AVERAGE_MONTHLY,2025-01-01,2025-01-31,1SSlmkB7gsD,WPP_3115822,GRADE_A,USD, 10.31 ,Y
T200,2025-01-31,MOVING_AVERAGE_MONTHLY,2025-01-01,2025-01-31,1SSlmkB7gsD,WPP_3115823,GRADE_A,USD, 4.83 ,Y
T200,2025-01-31,MOVING_AVERAGE_MONTHLY,2025-01-01,2025-01-31,1SSlmkB7gsD,WPP_3115824,GRADE_A,USD, 7.38 ,Y
T200,2025-01-31,MOVING_AVERAGE_MONTHLY,2025-01-01,2025-01-31,1SSlmkB7gsD,WPP_3115825,GRADE_A,USD, 4.71 ,Y
T200,2025-01-31,MOVING_AVERAGE_MONTHLY,2025-01-01,2025-01-31,1SSlmkB7gsD,WPP_3115826,GRADE_A,USD, 13.74 ,Y
T200,2025-01-31,MOVING_AVERAGE_MONTHLY,2025-01-01,2025-01-31,1SSlmkB7gsD,WPP_3117562,GRADE_A,USD, 133.08 ,Y
T200,2025-01-31,MOVING_AVERAGE_MONTHLY,2025-01-01,2025-01-31,1SSlmkB7gsD,WPP_3117563,GRADE_A,USD, 133.08 ,Y
T200,2025-01-31,MOVING_AVERAGE_MONTHLY,2025-01-01,2025-01-31,1SSlmkB7gsD,WPP_3117575,GRADE_A,USD, 3.74 ,Y
T200,2025-01-31,MOVING_AVERAGE_MONTHLY,2025-01-01,2025-01-31,1SSlmkB7gsD,WPP_3117576,GRADE_A,USD, 39.83 ,Y
T200,2025-01-31,MOVING_AVERAGE_MONTHLY,2025-01-01,2025-01-31,1SSlmkB7gsD,WPP_3118814,GRADE_A,USD, 0.55 ,Y
T200,2025-01-31,MOVING_AVERAGE_MONTHLY,2025-01-01,2025-01-31,1SSlmkB7gsD,WPP_3301443,GRADE_A,USD, 0.75 ,Y
T200,2025-01-31,MOVING_AVERAGE_MONTHLY,2025-01-01,2025-01-31,1SSlmkB7gsD,WPP_3117577,GRADE_A,USD, 2.45 ,Y
T200,2025-01-31,MOVING_AVERAGE_MONTHLY,2025-01-01,2025-01-31,1SSlmkB7gsD,WPP_3117578,GRADE_A,USD, 3.80 ,Y
T200,2025-01-31,MOVING_AVERAGE_MONTHLY,2025-01-01,2025-01-31,1SSlmkB7gsD,WPP_3117579,GRADE_A,USD, 22.40 ,Y
T200,2025-01-31,MOVING_AVERAGE_MONTHLY,2025-01-01,2025-01-31,1SSlmkB7gsD,WPP_3117580,GRADE_A,USD, 5.57 ,Y
T200,2025-01-31,MOVING_AVERAGE_MONTHLY,2025-01-01,2025-01-31,1SSlmkB7gsD,WPP_3117582,GRADE_A,USD, 3.27 ,Y
T200,2025-01-31,MOVING_AVERAGE_MONTHLY,2025-01-01,2025-01-31,1SSlmkB7gsD,WPP_3117583,GRADE_A,USD, 2.53 ,Y
T200,2025-01-31,MOVING_AVERAGE_MONTHLY,2025-01-01,2025-01-31,1SSlmkB7gsD,WPP_3117584,GRADE_A,USD, 10.78 ,Y
T200,2025-01-31,MOVING_AVERAGE_MONTHLY,2025-01-01,2025-01-31,1SSlmkB7gsD,WPP_3117585,GRADE_A,USD, 4.83 ,Y
T200,2025-01-31,MOVING_AVERAGE_MONTHLY,2025-01-01,2025-01-31,1SSlmkB7gsD,WPP_3117586,GRADE_A,USD, 3.60 ,Y
T200,2025-01-31,MOVING_AVERAGE_MONTHLY,2025-01-01,2025-01-31,1SSlmkB7gsD,WPP_3118783,GRADE_A,USD, 14.40 ,Y
T200,2025-01-31,MOVING_AVERAGE_MONTHLY,2025-01-01,2025-01-31,1SSlmkB7gsD,WPP_3118784,GRADE_A,USD, 14.40 ,Y
T200,2025-01-31,MOVING_AVERAGE_MONTHLY,2025-01-01,2025-01-31,1SSlmkB7gsD,WPP_3116850,GRADE_A,USD, 3.36 ,Y
T200,2025-01-31,MOVING_AVERAGE_MONTHLY,2025-01-01,2025-01-31,1SSlmkB7gsD,WPP_3116900,GRADE_A,USD, 3.36 ,Y
T200,2025-01-31,MOVING_AVERAGE_MONTHLY,2025-01-01,2025-01-31,1SSlmkB7gsD,WPP_3116851,GRADE_A,USD, 4.82 ,Y
T200,2025-01-31,MOVING_AVERAGE_MONTHLY,2025-01-01,2025-01-31,1SSlmkB7gsD,WPP_3116853,GRADE_A,USD, 45.92 ,Y
T200,2025-01-31,MOVING_AVERAGE_MONTHLY,2025-01-01,2025-01-31,1SSlmkB7gsD,WPP_3116854,GRADE_A,USD, 6.43 ,Y
T200,2025-01-31,MOVING_AVERAGE_MONTHLY,2025-01-01,2025-01-31,1SSlmkB7gsD,WPP_3116880,GRADE_A,USD, 35.42 ,Y
T200,2025-01-31,MOVING_AVERAGE_MONTHLY,2025-01-01,2025-01-31,1SSlmkB7gsD,WPP_3116858,GRADE_A,USD, 3.33 ,Y
T200,2025-01-31,MOVING_AVERAGE_MONTHLY,2025-01-01,2025-01-31,1SSlmkB7gsD,WPP_3112467,GRADE_A,USD, 3.26 ,Y
T200,2025-01-31,MOVING_AVERAGE_MONTHLY,2025-01-01,2025-01-31,1SSlmkB7gsD,WPP_3116857,GRADE_A,USD, 5.08 ,Y
T200,2025-01-31,MOVING_AVERAGE_MONTHLY,2025-01-01,2025-01-31,1SSlmkB7gsD,WPP_3112473,GRADE_A,USD, 3.11 ,Y
T200,2025-01-31,MOVING_AVERAGE_MONTHLY,2025-01-01,2025-01-31,1SSlmkB7gsD,WPP_3116901,GRADE_A,USD, 2.62 ,Y
T200,2025-01-31,MOVING_AVERAGE_MONTHLY,2025-01-01,2025-01-31,1SSlmkB7gsD,WPP_3116935,GRADE_A,USD, 2.61 ,Y
T200,2025-01-31,MOVING_AVERAGE_MONTHLY,2025-01-01,2025-01-31,1SSlmkB7gsD,WPP_3112477,GRADE_A,USD, 6.57 ,Y
T200,2025-01-31,MOVING_AVERAGE_MONTHLY,2025-01-01,2025-01-31,1SSlmkB7gsD,WPP_3112481,GRADE_A,USD, 1.75 ,Y
T200,2025-01-31,MOVING_AVERAGE_MONTHLY,2025-01-01,2025-01-31,1SSlmkB7gsD,WPP_3117774,GRADE_A,USD, 11.01 ,Y
T200,2025-01-31,MOVING_AVERAGE_MONTHLY,2025-01-01,2025-01-31,1SSlmkB7gsD,WPP_3116860,GRADE_A,USD, 1.58 ,Y
T200,2025-01-31,MOVING_AVERAGE_MONTHLY,2025-01-01,2025-01-31,1SSlmkB7gsD,WPP_3116867,GRADE_A,USD, 2.07 ,Y
T200,2025-01-31,MOVING_AVERAGE_MONTHLY,2025-01-01,2025-01-31,1SSlmkB7gsD,WPP_3116889,GRADE_A,USD, 7.32 ,Y
T200,2025-01-31,MOVING_AVERAGE_MONTHLY,2025-01-01,2025-01-31,1SSlmkB7gsD,WPP_3116896,GRADE_A,USD, 7.32 ,Y
T200,2025-01-31,MOVING_AVERAGE_MONTHLY,2025-01-01,2025-01-31,1SSlmkB7gsD,WPP_3116898,GRADE_A,USD, 7.44 ,Y
T200,2025-01-31,MOVING_AVERAGE_MONTHLY,2025-01-01,2025-01-31,1SSlmkB7gsD,WPP_3116870,GRADE_A,USD, 2.10 ,Y
T200,2025-01-31,MOVING_AVERAGE_MONTHLY,2025-01-01,2025-01-31,1SSlmkB7gsD,WPP_3116890,GRADE_A,USD, 7.35 ,Y
T200,2025-01-31,MOVING_AVERAGE_MONTHLY,2025-01-01,2025-01-31,1SSlmkB7gsD,WPP_3116897,GRADE_A,USD, 7.35 ,Y
T200,2025-01-31,MOVING_AVERAGE_MONTHLY,2025-01-01,2025-01-31,1SSlmkB7gsD,WPP_3116899,GRADE_A,USD, 7.46 ,Y
T200,2025-01-31,MOVING_AVERAGE_MONTHLY,2025-01-01,2025-01-31,1SSlmkB7gsD,WPP_3116872,GRADE_A,USD, 2.35 ,Y
T200,2025-01-31,MOVING_AVERAGE_MONTHLY,2025-01-01,2025-01-31,1SSlmkB7gsD,WPP_3116891,GRADE_A,USD, 2.35 ,Y
T200,2025-01-31,MOVING_AVERAGE_MONTHLY,2025-01-01,2025-01-31,1SSlmkB7gsD,WPP_3116902,GRADE_A,USD, 2.37 ,Y
T200,2025-01-31,MOVING_AVERAGE_MONTHLY,2025-01-01,2025-01-31,1SSlmkB7gsD,WPP_3116903,GRADE_A,USD, 2.37 ,Y
T200,2025-01-31,MOVING_AVERAGE_MONTHLY,2025-01-01,2025-01-31,1SSlmkB7gsD,WPP_3118450,GRADE_A,USD, 11.39 ,Y
T200,2025-01-31,MOVING_AVERAGE_MONTHLY,2025-01-01,2025-01-31,1SSlmkB7gsD,WPP_3116923,GRADE_A,USD, 11.34 ,Y
T200,2025-01-31,MOVING_AVERAGE_MONTHLY,2025-01-01,2025-01-31,1SSlmkB7gsD,WPP_3116940,GRADE_A,USD, 11.29 ,Y
T200,2025-01-31,MOVING_AVERAGE_MONTHLY,2025-01-01,2025-01-31,1SSlmkB7gsD,WPP_3116942,GRADE_A,USD, 11.39 ,Y
T200,2025-01-31,MOVING_AVERAGE_MONTHLY,2025-01-01,2025-01-31,1SSlmkB7gsD,WPP_3116865,GRADE_A,USD, 31.72 ,Y
T200,2025-01-31,MOVING_AVERAGE_MONTHLY,2025-01-01,2025-01-31,1SSlmkB7gsD,WPP_3116925,GRADE_A,USD, 31.72 ,Y
T200,2025-01-31,MOVING_AVERAGE_MONTHLY,2025-01-01,2025-01-31,1SSlmkB7gsD,WPP_3116944,GRADE_A,USD, 31.72 ,Y
T200,2025-01-31,MOVING_AVERAGE_MONTHLY,2025-01-01,2025-01-31,1SSlmkB7gsD,WPP_3116946,GRADE_A,USD, 31.72 ,Y
T200,2025-01-31,MOVING_AVERAGE_MONTHLY,2025-01-01,2025-01-31,1SSlmkB7gsD,WPP_3117814,GRADE_A,USD, 17.03 ,Y
T200,2025-01-31,MOVING_AVERAGE_MONTHLY,2025-01-01,2025-01-31,1SSlmkB7gsD,WPP_3118451,GRADE_A,USD, 14.12 ,Y
T200,2025-01-31,MOVING_AVERAGE_MONTHLY,2025-01-01,2025-01-31,1SSlmkB7gsD,WPP_3116936,GRADE_A,USD, 14.12 ,Y
T200,2025-01-31,MOVING_AVERAGE_MONTHLY,2025-01-01,2025-01-31,1SSlmkB7gsD,WPP_3116894,GRADE_A,USD, 14.12 ,Y
T200,2025-01-31,MOVING_AVERAGE_MONTHLY,2025-01-01,2025-01-31,1SSlmkB7gsD,WPP_3116895,GRADE_A,USD, 14.12 ,Y
T200,2025-01-31,MOVING_AVERAGE_MONTHLY,2025-01-01,2025-01-31,1SSlmkB7gsD,WPP_3117624,GRADE_A,USD, 7.17 ,Y
T200,2025-01-31,MOVING_AVERAGE_MONTHLY,2025-01-01,2025-01-31,1SSlmkB7gsD,WPP_3116938,GRADE_A,USD, 7.16 ,Y
T200,2025-01-31,MOVING_AVERAGE_MONTHLY,2025-01-01,2025-01-31,1SSlmkB7gsD,WPP_3116947,GRADE_A,USD, 7.11 ,Y
T200,2025-01-31,MOVING_AVERAGE_MONTHLY,2025-01-01,2025-01-31,1SSlmkB7gsD,WPP_3116948,GRADE_A,USD, 7.11 ,Y
T200,2025-01-31,MOVING_AVERAGE_MONTHLY,2025-01-01,2025-01-31,1SSlmkB7gsD,WPP_3116874,GRADE_A,USD, 1.43 ,Y
T200,2025-01-31,MOVING_AVERAGE_MONTHLY,2025-01-01,2025-01-31,1SSlmkB7gsD,WPP_3116939,GRADE_A,USD, 1.44 ,Y
T200,2025-01-31,MOVING_AVERAGE_MONTHLY,2025-01-01,2025-01-31,1SSlmkB7gsD,WPP_3116920,GRADE_A,USD, 1.41 ,Y
T200,2025-01-31,MOVING_AVERAGE_MONTHLY,2025-01-01,2025-01-31,1SSlmkB7gsD,WPP_3116922,GRADE_A,USD, 1.41 ,Y
T200,2025-01-31,MOVING_AVERAGE_MONTHLY,2025-01-01,2025-01-31,1SSlmkB7gsD,WPP_3112486,GRADE_A,USD, 2.36 ,Y
T200,2025-01-31,MOVING_AVERAGE_MONTHLY,2025-01-01,2025-01-31,1SSlmkB7gsD,WPP_3116871,GRADE_A,USD, 0.67 ,Y
T200,2025-01-31,MOVING_AVERAGE_MONTHLY,2025-01-01,2025-01-31,1SSlmkB7gsD,WPP_3112475,GRADE_A,USD, 1.51 ,Y
T200,2025-01-31,MOVING_AVERAGE_MONTHLY,2025-01-01,2025-01-31,1SSlmkB7gsD,WPP_3112456,GRADE_A,USD, 0.13 ,Y
T200,2025-01-31,MOVING_AVERAGE_MONTHLY,2025-01-01,2025-01-31,1SSlmkB7gsD,WPP_3117139,GRADE_A,USD, 1.24 ,Y
T200,2025-01-31,MOVING_AVERAGE_MONTHLY,2025-01-01,2025-01-31,1SSlmkB7gsD,WPP_3119604,GRADE_A,USD, 0.67 ,Y
T200,2025-01-31,MOVING_AVERAGE_MONTHLY,2025-01-01,2025-01-31,1SSlmkB7gsD,WPP_3304567,GRADE_A,USD, 1.56 ,Y
T200,2025-01-31,MOVING_AVERAGE_MONTHLY,2025-01-01,2025-01-31,1SSlmkB7gsD,WPP_3104344,GRADE_A,USD, 3.34 ,Y
T200,2025-01-31,MOVING_AVERAGE_MONTHLY,2025-01-01,2025-01-31,1SSlmkB7gsD,WPP_3117772,GRADE_A,USD, 7.68 ,Y
T200,2025-01-31,MOVING_AVERAGE_MONTHLY,2025-01-01,2025-01-31,1SSlmkB7gsD,WPP_3112783,GRADE_A,USD, 2.75 ,Y
T200,2025-01-31,MOVING_AVERAGE_MONTHLY,2025-01-01,2025-01-31,1SSlmkB7gsD,WPP_3104366,GRADE_A,USD, 0.68 ,Y
T200,2025-01-31,MOVING_AVERAGE_MONTHLY,2025-01-01,2025-01-31,1SSlmkB7gsD,WPP_3116968,GRADE_A,USD, 0.80 ,Y
T200,2025-01-31,MOVING_AVERAGE_MONTHLY,2025-01-01,2025-01-31,1SSlmkB7gsD,WPP_3116967,GRADE_A,USD, 0.52 ,Y
T200,2025-01-31,MOVING_AVERAGE_MONTHLY,2025-01-01,2025-01-31,1SSlmkB7gsD,WPP_3116971,GRADE_A,USD, 0.26 ,Y
T200,2025-01-31,MOVING_AVERAGE_MONTHLY,2025-01-01,2025-01-31,1SSlmkB7gsD,WPP_3116852,GRADE_A,USD, 74.97 ,Y
T200,2025-01-31,MOVING_AVERAGE_MONTHLY,2025-01-01,2025-01-31,1SSlmkB7gsD,WPP_3116941,GRADE_A,USD, 1.25 ,Y
T200,2025-01-31,MOVING_AVERAGE_MONTHLY,2025-01-01,2025-01-31,1SSlmkB7gsD,WPP_3111692,GRADE_A,USD, 23.92 ,Y
T200,2025-01-31,MOVING_AVERAGE_MONTHLY,2025-01-01,2025-01-31,1SSlmkB7gsD,WPP_3117185,GRADE_A,USD, 0.24 ,Y
T200,2025-01-31,MOVING_AVERAGE_MONTHLY,2025-01-01,2025-01-31,1SSlmkB7gsD,WPP_3118449,GRADE_A,USD, 2.47 ,Y
T200,2025-01-31,MOVING_AVERAGE_MONTHLY,2025-01-01,2025-01-31,1SSlmkB7gsD,WPP_3116446,GRADE_A,USD, 2.43 ,Y
T200,2025-01-31,MOVING_AVERAGE_MONTHLY,2025-01-01,2025-01-31,1SSlmkB7gsD,WPP_3119190,GRADE_A,USD, 0.39 ,Y
T200,2025-01-31,MOVING_AVERAGE_MONTHLY,2025-01-01,2025-01-31,1SSlmkB7gsD,WPP_3119193,GRADE_A,USD, 3.42 ,Y
T200,2025-01-31,MOVING_AVERAGE_MONTHLY,2025-01-01,2025-01-31,1SSlmkB7gsD,WPP_3119194,GRADE_A,USD, 0.08 ,Y
T200,2025-01-31,MOVING_AVERAGE_MONTHLY,2025-01-01,2025-01-31,1SSlmkB7gsD,WPP_3119195,GRADE_A,USD, 0.34 ,Y
T200,2025-01-31,MOVING_AVERAGE_MONTHLY,2025-01-01,2025-01-31,1SSlmkB7gsD,WPP_3119196,GRADE_A,USD, 15.64 ,Y
T200,2025-01-31,MOVING_AVERAGE_MONTHLY,2025-01-01,2025-01-31,1SSlmkB7gsD,WPP_3119198,GRADE_A,USD, 2.52 ,Y
T200,2025-01-31,MOVING_AVERAGE_MONTHLY,2025-01-01,2025-01-31,1SSlmkB7gsD,WPP_3107013,GRADE_A,USD, 3.53 ,Y
T200,2025-01-31,MOVING_AVERAGE_MONTHLY,2025-01-01,2025-01-31,1SSlmkB7gsD,WPP_3114575,GRADE_A,USD, 9.67 ,Y
T200,2025-01-31,MOVING_AVERAGE_MONTHLY,2025-01-01,2025-01-31,1SSlmkB7gsD,WPP_3119200,GRADE_A,USD, 6.54 ,Y
T200,2025-01-31,MOVING_AVERAGE_MONTHLY,2025-01-01,2025-01-31,1SSlmkB7gsD,WPP_3119203,GRADE_A,USD, 2.95 ,Y
T200,2025-01-31,MOVING_AVERAGE_MONTHLY,2025-01-01,2025-01-31,1SSlmkB7gsD,WPP_3119204,GRADE_A,USD, 3.48 ,Y
T200,2025-01-31,MOVING_AVERAGE_MONTHLY,2025-01-01,2025-01-31,1SSlmkB7gsD,WPP_3119205,GRADE_A,USD, 2.98 ,Y
T200,2025-01-31,MOVING_AVERAGE_MONTHLY,2025-01-01,2025-01-31,1SSlmkB7gsD,WPP_3119206,GRADE_A,USD, 9.72 ,Y
T200,2025-01-31,MOVING_AVERAGE_MONTHLY,2025-01-01,2025-01-31,1SSlmkB7gsD,WPP_3119207,GRADE_A,USD, 3.37 ,Y
T200,2025-01-31,MOVING_AVERAGE_MONTHLY,2025-01-01,2025-01-31,1SSlmkB7gsD,WPP_3119208,GRADE_A,USD, 5.44 ,Y
T200,2025-01-31,MOVING_AVERAGE_MONTHLY,2025-01-01,2025-01-31,1SSlmkB7gsD,WPP_3119209,GRADE_A,USD, 31.67 ,Y
T200,2025-01-31,MOVING_AVERAGE_MONTHLY,2025-01-01,2025-01-31,1SSlmkB7gsD,WPP_3119210,GRADE_A,USD, 0.38 ,Y
T200,2025-01-31,MOVING_AVERAGE_MONTHLY,2025-01-01,2025-01-31,1SSlmkB7gsD,WPP_3119211,GRADE_A,USD, 0.38 ,Y
T200,2025-01-31,MOVING_AVERAGE_MONTHLY,2025-01-01,2025-01-31,1SSlmkB7gsD,WPP_3119212,GRADE_A,USD, 13.43 ,Y
T200,2025-01-31,MOVING_AVERAGE_MONTHLY,2025-01-01,2025-01-31,1SSlmkB7gsD,WPP_3119213,GRADE_A,USD, 11.11 ,Y
T200,2025-01-31,MOVING_AVERAGE_MONTHLY,2025-01-01,2025-01-31,1SSlmkB7gsD,WPP_3119214,GRADE_A,USD, 2.24 ,Y
T200,2025-01-31,MOVING_AVERAGE_MONTHLY,2025-01-01,2025-01-31,1SSlmkB7gsD,WPP_3119215,GRADE_A,USD, 24.16 ,Y
T200,2025-01-31,MOVING_AVERAGE_MONTHLY,2025-01-01,2025-01-31,1SSlmkB7gsD,WPP_3119216,GRADE_A,USD, 10.41 ,Y
T200,2025-01-31,MOVING_AVERAGE_MONTHLY,2025-01-01,2025-01-31,1SSlmkB7gsD,WPP_3119217,GRADE_A,USD, 3.38 ,Y
T200,2025-01-31,MOVING_AVERAGE_MONTHLY,2025-01-01,2025-01-31,1SSlmkB7gsD,WPP_3119218,GRADE_A,USD, 4.12 ,Y
T200,2025-01-31,MOVING_AVERAGE_MONTHLY,2025-01-01,2025-01-31,1SSlmkB7gsD,WPP_3119219,GRADE_A,USD, 4.17 ,Y
T200,2025-01-31,MOVING_AVERAGE_MONTHLY,2025-01-01,2025-01-31,1SSlmkB7gsD,WPP_3119220,GRADE_A,USD, 2.55 ,Y
T200,2025-01-31,MOVING_AVERAGE_MONTHLY,2025-01-01,2025-01-31,1SSlmkB7gsD,WPP_3119221,GRADE_A,USD, 2.98 ,Y
T200,2025-01-31,MOVING_AVERAGE_MONTHLY,2025-01-01,2025-01-31,1SSlmkB7gsD,WPP_3116467,GRADE_A,USD, 1.26 ,Y
T200,2025-01-31,MOVING_AVERAGE_MONTHLY,2025-01-01,2025-01-31,1SSlmkB7gsD,WPP_3118993,GRADE_A,USD, 0.56 ,Y
T200,2025-01-31,MOVING_AVERAGE_MONTHLY,2025-01-01,2025-01-31,1SSlmkB7gsD,WPP_3119224,GRADE_A,USD, 0.23 ,Y
T200,2025-01-31,MOVING_AVERAGE_MONTHLY,2025-01-01,2025-01-31,1SSlmkB7gsD,WPP_3119225,GRADE_A,USD, 0.24 ,Y
T200,2025-01-31,MOVING_AVERAGE_MONTHLY,2025-01-01,2025-01-31,1SSlmkB7gsD,WPP_3119226,GRADE_A,USD, 0.10 ,Y
T200,2025-01-31,MOVING_AVERAGE_MONTHLY,2025-01-01,2025-01-31,1SSlmkB7gsD,WPP_3119227,GRADE_A,USD, 0.73 ,Y
T200,2025-01-31,MOVING_AVERAGE_MONTHLY,2025-01-01,2025-01-31,1SSlmkB7gsD,WPF_113801,GRADE_A,USD, 11.92 ,Y
T200,2025-01-31,MOVING_AVERAGE_MONTHLY,2025-01-01,2025-01-31,1SSlmkB7gsD,WPF_3120505,GRADE_A,USD, 3.87 ,Y